timestamp	max	min	total
307451	3.7275	3.6807	400.3556
307520	3.7275	3.6805	400.3539
307532	3.7275	3.6806	400.3548
307571	3.7276	3.6806	400.3541
307611	3.7276	3.6806	400.3547
307651	3.7275	3.6806	400.355
307721	3.7277	3.6806	400.354
307733	3.7277	3.6806	400.3544
307772	3.7276	3.6806	400.3545
307812	3.7275	3.6806	400.3556
307852	3.7275	3.6805	400.3545
307921	3.7276	3.6806	400.355
307933	3.7276	3.6806	400.3543
307986	3.7275	3.6806	400.3544
308012	3.7275	3.6805	400.3538
308052	3.7276	3.6808	400.3541
308121	3.7276	3.6807	400.3544
308133	3.7276	3.6806	400.3534
308172	3.7276	3.6807	400.3536
308212	3.7275	3.6806	400.3539
308252	3.7276	3.6807	400.3536
308322	3.7275	3.6806	400.3534
308334	3.7275	3.6806	400.3534
308373	3.7276	3.6806	400.3548
308413	3.7276	3.6806	400.3562
308453	3.7276	3.6807	400.3547
308522	3.7275	3.6806	400.3544
308534	3.7275	3.6806	400.3544
308573	3.7275	3.6805	400.3549
308613	3.7276	3.6806	400.3548
308653	3.7276	3.6806	400.3539
308722	3.7276	3.6806	400.3566
308734	3.7276	3.6806	400.3547
308773	3.7276	3.6807	400.3536
308813	3.7276	3.6806	400.3562
308854	3.7276	3.6806	400.354
308923	3.7275	3.6806	400.3542
308935	3.7275	3.6806	400.3542
308974	3.7275	3.6806	400.3537
309014	3.7276	3.6806	400.3543
309054	3.7276	3.6806	400.3543
309123	3.7276	3.6806	400.3551
309135	3.7276	3.6806	400.3554
309174	3.7275	3.6805	400.3549
309214	3.7275	3.6807	400.3554
309254	3.7275	3.6806	400.3545
309323	3.7276	3.6806	400.3549
309335	3.7276	3.6805	400.3542
309374	3.7275	3.6807	400.3544
309414	3.7275	3.6806	400.3563
309455	3.7276	3.6807	400.3549
309527	3.7275	3.6806	400.3537
309536	3.7275	3.6806	400.3541
309575	3.7275	3.6806	400.3543
309615	3.7276	3.6806	400.3545
309655	3.7276	3.6806	400.3544
309724	3.7277	3.6806	400.3547
309736	3.7277	3.6806	400.3552
309775	3.7276	3.6805	400.3538
309815	3.7276	3.6807	400.3541
309855	3.7276	3.6805	400.3552
309924	3.7275	3.6806	400.3534
309936	3.7275	3.6806	400.3548
309975	3.7276	3.6806	400.3542
310015	3.7275	3.6806	400.3549
310055	3.7276	3.6806	400.3552
310125	3.7276	3.6806	400.3536
310137	3.7276	3.6806	400.3542
310176	3.7275	3.6807	400.3557
310216	3.7276	3.6805	400.3538
310256	3.7276	3.6806	400.3549
310325	3.7275	3.6805	400.3533
310337	3.7275	3.6805	400.3544
310376	3.7275	3.6806	400.3535
310416	3.7275	3.6806	400.3541
310456	3.7275	3.6806	400.3539
310525	3.7274	3.6807	400.3558
310537	3.7274	3.6806	400.3541
310576	3.7275	3.6807	400.3528
310616	3.7276	3.6807	400.3549
310656	3.7275	3.6806	400.3549
310726	3.7275	3.6807	400.3551
310738	3.7275	3.6806	400.3547
310777	3.7276	3.6807	400.3558
310817	3.7275	3.6806	400.3551
310857	3.7276	3.6806	400.3546
310932	3.7276	3.6807	400.3556
310938	3.7276	3.6806	400.3542
310977	3.7276	3.6806	400.3556
311017	3.7275	3.6806	400.3543
311057	3.7275	3.6806	400.3541
311126	3.7275	3.6806	400.3543
311138	3.7275	3.6806	400.3535
311178	3.7276	3.6806	400.3544
311217	3.7276	3.6806	400.354
311257	3.7276	3.6806	400.3552
311326	3.7275	3.6807	400.3551
311338	3.7275	3.6806	400.3543
311377	3.7276	3.6806	400.3554
311418	3.7276	3.6806	400.3563
311458	3.7276	3.6806	400.3541
311527	3.7275	3.6806	400.3553
311539	3.7275	3.6805	400.3541
311578	3.7275	3.6806	400.3546
311618	3.7275	3.6806	400.3529
311658	3.7276	3.6807	400.354
311727	3.7276	3.6806	400.3544
311739	3.7276	3.6806	400.354
311778	3.7276	3.6805	400.355
311818	3.7276	3.6806	400.3533
311858	3.7275	3.6806	400.3537
311927	3.7275	3.6806	400.3551
311940	3.7275	3.6806	400.3544
311979	3.7275	3.6805	400.3544
312019	3.7275	3.6805	400.3552
312062	3.7276	3.6806	400.3545
312128	3.7277	3.6805	400.355
312140	3.7277	3.6806	400.3547
312179	3.7277	3.6806	400.3542
312219	3.7276	3.6807	400.3537
312259	3.7276	3.6806	400.3548
312328	3.7275	3.6806	400.3547
312340	3.7275	3.6805	400.3553
312379	3.7276	3.6806	400.356
312419	3.7275	3.6806	400.3545
312459	3.7276	3.6807	400.3553
312528	3.7275	3.6806	400.3547
312540	3.7275	3.6806	400.3536
312579	3.7276	3.6805	400.3552
312619	3.7276	3.6805	400.3533
312660	3.7276	3.6806	400.354
312729	3.7276	3.6806	400.3542
312741	3.7276	3.6805	400.3538
312780	3.7276	3.6805	400.3559
312820	3.7276	3.6806	400.3558
312860	3.7275	3.6806	400.3548
312929	3.7276	3.6806	400.3546
312941	3.7276	3.6806	400.3541
312980	3.7276	3.6806	400.3543
313020	3.7276	3.6807	400.3548
313060	3.7275	3.6806	400.3558
313129	3.7275	3.6806	400.3549
313141	3.7275	3.6806	400.3544
313180	3.7275	3.6807	400.3557
313220	3.7276	3.6806	400.3548
313260	3.7276	3.6807	400.3537
313330	3.7276	3.6805	400.3546
313342	3.7276	3.6806	400.355
313381	3.7275	3.6807	400.3544
313421	3.7276	3.6806	400.3553
313461	3.7276	3.6805	400.3551
313530	3.7276	3.6806	400.3552
313542	3.7276	3.6807	400.3532
313584	3.7275	3.6807	400.3546
313621	3.7276	3.6806	400.3556
313661	3.7275	3.6806	400.3553
313730	3.7276	3.6806	400.3553
313742	3.7276	3.6806	400.354
313781	3.7276	3.6806	400.3531
313821	3.7276	3.6806	400.3548
313861	3.7275	3.6806	400.3559
313931	3.7276	3.6806	400.3559
313943	3.7276	3.6806	400.3551
313982	3.7275	3.6806	400.355
314022	3.7276	3.6807	400.354
314062	3.7275	3.6807	400.355
314131	3.7276	3.6805	400.3542
314143	3.7276	3.6806	400.3545
314182	3.7276	3.6806	400.3552
314222	3.7276	3.6806	400.3565
314262	3.7275	3.6807	400.355
314331	3.7277	3.6806	400.3542
314343	3.7277	3.6806	400.3548
314382	3.7276	3.6807	400.3556
314422	3.7275	3.6805	400.3531
314462	3.7275	3.6806	400.355
314532	3.7276	3.6806	400.3542
314544	3.7276	3.6805	400.3536
314583	3.7275	3.6806	400.355
314623	3.7276	3.6807	400.3532
314663	3.7276	3.6806	400.3549
314732	3.7276	3.6805	400.3543
314744	3.7276	3.6806	400.3551
314783	3.7276	3.6805	400.3541
314823	3.7276	3.6806	400.3552
314863	3.7276	3.6806	400.3544
314932	3.7275	3.6806	400.3539
314944	3.7275	3.6805	400.3534
314983	3.7275	3.6806	400.3546
315023	3.7275	3.6806	400.3556
315063	3.7276	3.6807	400.3537
315133	3.7276	3.6806	400.3545
315145	3.7276	3.6806	400.3533
315184	3.7275	3.6806	400.3543
315224	3.7275	3.6806	400.3552
315264	3.7275	3.6806	400.356
315333	3.7275	3.6807	400.3551
315345	3.7275	3.6806	400.3546
315384	3.7276	3.6806	400.3541
315424	3.7276	3.6806	400.355
315464	3.7276	3.6806	400.3547
315533	3.7275	3.6806	400.3551
315545	3.7275	3.6807	400.3539
315584	3.7276	3.6806	400.3541
315627	3.7276	3.6805	400.355
315664	3.7276	3.6806	400.3546
315733	3.7275	3.6807	400.3544
315745	3.7275	3.6806	400.3543
315785	3.7276	3.6807	400.354
315825	3.7275	3.6807	400.3547
315865	3.7277	3.6806	400.3549
315934	3.7276	3.6806	400.3556
315946	3.7276	3.6806	400.355
315985	3.7275	3.6806	400.3536
316025	3.7276	3.6806	400.3543
316065	3.7275	3.6805	400.3552
316137	3.7276	3.6807	400.3556
316146	3.7276	3.6806	400.3546
316185	3.7275	3.6806	400.3537
316225	3.7275	3.6807	400.3545
316265	3.7276	3.6806	400.3542
316334	3.7276	3.6807	400.3551
316346	3.7276	3.6806	400.3541
316386	3.7276	3.6806	400.3545
316426	3.7276	3.6806	400.3553
316466	3.7275	3.6806	400.356
316535	3.7276	3.6806	400.3543
316547	3.7276	3.6806	400.3554
316586	3.7276	3.6806	400.354
316626	3.7276	3.6806	400.3552
316666	3.7275	3.6807	400.3536
316735	3.7276	3.6806	400.3542
316747	3.7276	3.6806	400.3549
316786	3.7276	3.6806	400.3553
316826	3.7275	3.6806	400.3554
316866	3.7275	3.6806	400.3546
316935	3.7275	3.6806	400.3544
316947	3.7275	3.6806	400.3542
316986	3.7275	3.6806	400.3539
317027	3.7275	3.6806	400.3552
317067	3.7276	3.6806	400.3557
317136	3.7276	3.6807	400.3535
317149	3.7276	3.6806	400.3524
317187	3.7276	3.6805	400.3538
317227	3.7275	3.6807	400.3545
317267	3.7275	3.6806	400.3557
317336	3.7276	3.6806	400.3533
317348	3.7276	3.6806	400.3548
317387	3.7276	3.6806	400.3545
317427	3.7276	3.6806	400.3554
317467	3.7275	3.6806	400.3548
317536	3.7276	3.6806	400.3549
317548	3.7276	3.6805	400.3542
317587	3.7276	3.6807	400.3545
317628	3.7275	3.6806	400.3541
317668	3.7276	3.6807	400.356
317737	3.7276	3.6806	400.3552
317749	3.7276	3.6806	400.3552
317788	3.7275	3.6806	400.3537
317828	3.7275	3.6806	400.3543
317868	3.7276	3.6806	400.3539
317937	3.7275	3.6806	400.355
317949	3.7275	3.6807	400.3542
317988	3.7276	3.6806	400.3546
318028	3.7276	3.6806	400.3555
318068	3.7276	3.6806	400.3544
318137	3.7276	3.6806	400.3555
318149	3.7276	3.6805	400.3546
318189	3.7275	3.6807	400.3547
318229	3.7276	3.6806	400.3548
318269	3.7276	3.6807	400.3553
318338	3.7275	3.6807	400.355
318350	3.7275	3.6806	400.3539
318389	3.7276	3.6806	400.3543
318429	3.7276	3.6806	400.3553
318469	3.7276	3.6807	400.3563
318538	3.7276	3.6807	400.3541
318550	3.7276	3.6806	400.3542
318589	3.7276	3.6807	400.3556
318629	3.7276	3.6807	400.3537
318669	3.7276	3.6807	400.3541
318738	3.7276	3.6805	400.3551
318750	3.7276	3.6806	400.3547
318790	3.7274	3.6806	400.3547
318830	3.7276	3.6806	400.3537
318870	3.7276	3.6807	400.3545
318939	3.7276	3.6805	400.354
318951	3.7276	3.6805	400.3541
318990	3.7276	3.6806	400.3537
319030	3.7275	3.6806	400.3535
319070	3.7277	3.6807	400.3549
319139	3.7276	3.6806	400.3553
319151	3.7276	3.6806	400.3552
319190	3.7276	3.6806	400.3549
319230	3.7276	3.6806	400.3537
319270	3.7275	3.6805	400.3552
319339	3.7276	3.6806	400.3537
319351	3.7276	3.6805	400.3548
319391	3.7277	3.6806	400.3547
319431	3.7275	3.6806	400.3542
319471	3.7276	3.6806	400.3555
319540	3.7276	3.6805	400.3542
319552	3.7276	3.6806	400.3532
319591	3.7276	3.6806	400.3537
319631	3.7275	3.6806	400.3543
319671	3.7275	3.6806	400.3556
319740	3.7276	3.6805	400.3551
319752	3.7276	3.6806	400.3541
319791	3.7276	3.6806	400.3537
319831	3.7275	3.6806	400.3544
319871	3.7276	3.6806	400.3541
319940	3.7275	3.6806	400.354
319952	3.7275	3.6806	400.3541
319992	3.7275	3.6806	400.3543
320032	3.7275	3.6805	400.3543
320072	3.7276	3.6805	400.355
320141	3.7276	3.6806	400.3546
320153	3.7276	3.6806	400.3541
320194	3.7276	3.6806	400.3538
320232	3.7275	3.6806	400.3541
320272	3.7276	3.6806	400.355
320341	3.7275	3.6807	400.3558
320353	3.7275	3.6807	400.3554
320392	3.7277	3.6806	400.3547
320432	3.7275	3.6806	400.3551
320472	3.7276	3.6806	400.354
320541	3.7275	3.6806	400.3553
320553	3.7275	3.6806	400.3546
320592	3.7276	3.6806	400.3542
320633	3.7275	3.6806	400.3534
320673	3.7276	3.6806	400.3554
320742	3.7276	3.6807	400.3557
320754	3.7276	3.6806	400.3551
320793	3.7275	3.6805	400.3539
320833	3.7276	3.6806	400.3537
320873	3.7276	3.6806	400.355
320942	3.7276	3.6807	400.3546
320954	3.7276	3.6807	400.3539
320993	3.7275	3.6806	400.354
321033	3.7276	3.6807	400.3541
321073	3.7275	3.6806	400.3549
321142	3.7276	3.6807	400.3547
321154	3.7276	3.6807	400.3544
321193	3.7276	3.6806	400.3554
321234	3.7275	3.6807	400.3551
321274	3.7275	3.6806	400.3555
321343	3.7276	3.6806	400.3546
321355	3.7276	3.6805	400.3541
321394	3.7276	3.6806	400.3538
321434	3.7276	3.6805	400.3559
321474	3.7276	3.6807	400.3551
321543	3.7276	3.6806	400.3544
321555	3.7276	3.6806	400.3549
321594	3.7276	3.6806	400.3544
321634	3.7275	3.6807	400.3544
321674	3.7275	3.6805	400.3539
321743	3.7276	3.6806	400.3548
321755	3.7276	3.6806	400.3541
321794	3.7275	3.6806	400.3564
321835	3.7275	3.6806	400.3551
321875	3.7275	3.6806	400.3548
321944	3.7276	3.6806	400.3554
321956	3.7276	3.6806	400.3544
321995	3.7276	3.6806	400.3538
322035	3.7275	3.6806	400.355
322075	3.7275	3.6806	400.3549
322144	3.7275	3.6806	400.3544
322156	3.7275	3.6805	400.355
322195	3.7275	3.6806	400.354
322235	3.7276	3.6806	400.3546
322275	3.7276	3.6806	400.354
322344	3.7276	3.6806	400.3538
322356	3.7276	3.6806	400.3541
322396	3.7276	3.6806	400.3545
322436	3.7276	3.6805	400.3537
322476	3.7276	3.6805	400.3555
322545	3.7275	3.6807	400.3549
322557	3.7275	3.6806	400.3543
322596	3.7275	3.6807	400.3545
322636	3.7276	3.6807	400.3564
322676	3.7275	3.6806	400.355
322745	3.7275	3.6807	400.3543
322757	3.7275	3.6805	400.3545
322796	3.7276	3.6807	400.3547
322836	3.7275	3.6806	400.3562
322876	3.7275	3.6807	400.355
322946	3.7274	3.6806	400.354
322958	3.7274	3.6805	400.3542
322997	3.7276	3.6806	400.3552
323037	3.7275	3.6805	400.3549
323077	3.7275	3.6807	400.3548
323146	3.7276	3.6806	400.3551
323158	3.7276	3.6806	400.3552
323197	3.7276	3.6806	400.3551
323240	3.7276	3.6806	400.3545
323277	3.7276	3.6805	400.3558
323346	3.7276	3.6807	400.3552
323358	3.7276	3.6807	400.3546
323397	3.7276	3.6807	400.3544
323437	3.7276	3.6806	400.3555
323477	3.7275	3.6807	400.3552
323547	3.7275	3.6807	400.3553
323559	3.7275	3.6805	400.3546
323598	3.7276	3.6806	400.3551
323638	3.7275	3.6806	400.3553
323678	3.7275	3.6806	400.3551
323747	3.7275	3.6805	400.3546
323759	3.7275	3.6806	400.3551
323798	3.7276	3.6806	400.3547
323838	3.7276	3.6806	400.3544
323878	3.7276	3.6806	400.3548
323947	3.7275	3.6806	400.3548
323959	3.7275	3.6806	400.3543
323998	3.7275	3.6807	400.3538
324038	3.7276	3.6807	400.3556
324078	3.7276	3.6806	400.3536
324148	3.7276	3.6805	400.3544
324160	3.7276	3.6806	400.354
324199	3.7275	3.6807	400.3541
324239	3.7276	3.6805	400.3554
324279	3.7275	3.6807	400.3552
324348	3.7276	3.6806	400.3553
324360	3.7276	3.6805	400.3528
324399	3.7275	3.6806	400.3545
324439	3.7275	3.6807	400.3533
324479	3.7275	3.6807	400.3554
324548	3.7275	3.6806	400.3541
324560	3.7275	3.6805	400.353
324599	3.7276	3.6806	400.354
324639	3.7276	3.6807	400.355
324679	3.7276	3.6806	400.3549
324751	3.7275	3.6806	400.3532
324761	3.7275	3.6805	400.3536
324800	3.7276	3.6805	400.3539
324840	3.7276	3.6807	400.3548
324880	3.7276	3.6806	400.3537
324949	3.7275	3.6807	400.3554
324961	3.7275	3.6805	400.3555
325000	3.7275	3.6807	400.3539
325040	3.7276	3.6806	400.3551
325080	3.7275	3.6805	400.3537
325149	3.7275	3.6806	400.3552
325161	3.7275	3.6806	400.3537
325200	3.7276	3.6806	400.3552
325240	3.7275	3.6806	400.3539
325280	3.7276	3.6807	400.3557
325350	3.7276	3.6807	400.3542
325362	3.7276	3.6805	400.3543
325401	3.7276	3.6806	400.3555
325441	3.7275	3.6807	400.355
325481	3.7275	3.6807	400.3545
325550	3.7276	3.6807	400.3553
325562	3.7276	3.6806	400.3555
325601	3.7275	3.6806	400.3537
325641	3.7275	3.6805	400.3546
325681	3.7276	3.6806	400.3548
325750	3.7276	3.6806	400.3556
325762	3.7276	3.6806	400.3559
325801	3.7276	3.6806	400.3547
325841	3.7275	3.6806	400.3544
325881	3.7275	3.6807	400.3558
325951	3.7275	3.6806	400.3545
325963	3.7275	3.6807	400.3549
326002	3.7275	3.6807	400.3536
326042	3.7275	3.6806	400.3555
326082	3.7275	3.6807	400.3553
326151	3.7276	3.6807	400.3558
326163	3.7276	3.6807	400.3547
326202	3.7275	3.6805	400.3541
326242	3.7275	3.6807	400.3544
326282	3.7276	3.6806	400.3544
326351	3.7275	3.6806	400.3541
326363	3.7275	3.6806	400.3541
326402	3.7275	3.6807	400.3544
326442	3.7275	3.6805	400.3542
326482	3.7275	3.6807	400.3546
326551	3.7275	3.6806	400.3543
326564	3.7275	3.6805	400.3538
326603	3.7276	3.6806	400.3539
326643	3.7275	3.6805	400.3542
326683	3.7275	3.6807	400.355
326752	3.7275	3.6806	400.355
326764	3.7275	3.6807	400.355
326803	3.7275	3.6806	400.3536
326843	3.7275	3.6806	400.3546
326888	3.7275	3.6805	400.3545
326952	3.7276	3.6806	400.356
326964	3.7276	3.6806	400.3546
327003	3.7276	3.6806	400.3562
327043	3.7275	3.6807	400.3552
327083	3.7275	3.6806	400.3542
327152	3.7276	3.6805	400.3545
327164	3.7276	3.6806	400.3547
327204	3.7275	3.6805	400.3554
327244	3.7276	3.6806	400.354
327284	3.7275	3.6805	400.3544
327353	3.7276	3.6806	400.3555
327365	3.7276	3.6807	400.3546
327404	3.7275	3.6806	400.354
327444	3.7275	3.6807	400.3546
327484	3.7276	3.6806	400.355
327553	3.7276	3.6807	400.3555
327565	3.7276	3.6805	400.3546
327604	3.7276	3.6806	400.3548
327644	3.7276	3.6807	400.3538
327684	3.7276	3.6806	400.3535
327753	3.7275	3.6806	400.3563
327765	3.7275	3.6807	400.3555
327807	3.7276	3.6806	400.3546
327845	3.7275	3.6806	400.3547
327885	3.7276	3.6807	400.3549
327954	3.7276	3.6806	400.3546
327966	3.7276	3.6807	400.3554
328005	3.7275	3.6806	400.3542
328045	3.7275	3.6807	400.3552
328085	3.7276	3.6807	400.3542
328154	3.7275	3.6807	400.3529
328166	3.7275	3.6806	400.3544
328205	3.7275	3.6806	400.3543
328245	3.7276	3.6806	400.3546
328285	3.7276	3.6807	400.3552
328354	3.7275	3.6807	400.3552
328366	3.7275	3.6806	400.3534
328405	3.7275	3.6806	400.3542
328445	3.7275	3.6806	400.3548
328486	3.7276	3.6806	400.3556
328555	3.7276	3.6805	400.3548
328567	3.7276	3.6806	400.3543
328606	3.7276	3.6806	400.3544
328646	3.7276	3.6807	400.3549
328686	3.7276	3.6807	400.3555
328755	3.7276	3.6805	400.3539
328767	3.7276	3.6806	400.3544
328806	3.7276	3.6807	400.3545
328846	3.7275	3.6806	400.3552
328886	3.7275	3.6806	400.3551
328955	3.7275	3.6806	400.3547
328967	3.7275	3.6806	400.3545
329006	3.7276	3.6806	400.3544
329046	3.7276	3.6806	400.3542
329086	3.7276	3.6806	400.3552
329156	3.7275	3.6806	400.354
329168	3.7275	3.6806	400.3545
329207	3.7276	3.6806	400.3531
329247	3.7274	3.6806	400.356
329287	3.7275	3.6806	400.3556
329356	3.7276	3.6805	400.3541
329368	3.7276	3.6806	400.3547
329407	3.7275	3.6806	400.3555
329447	3.7275	3.6806	400.3548
329487	3.7276	3.6806	400.3552
329556	3.7276	3.6806	400.3545
329568	3.7276	3.6806	400.3539
329607	3.7275	3.6806	400.3537
329648	3.7275	3.6806	400.3548
329687	3.7276	3.6806	400.3549
329757	3.7275	3.6807	400.3544
329769	3.7275	3.6806	400.3541
329808	3.7275	3.6806	400.3548
329848	3.7275	3.6807	400.3551
329888	3.7276	3.6806	400.3542
329957	3.7275	3.6806	400.3547
329969	3.7275	3.6806	400.3537
330008	3.7275	3.6807	400.3549
330048	3.7275	3.6805	400.3544
330088	3.7275	3.6806	400.3549
330157	3.7275	3.6806	400.3541
330169	3.7275	3.6806	400.3551
330208	3.7276	3.6806	400.3548
330248	3.7276	3.6805	400.3553
330288	3.7275	3.6806	400.3547
330358	3.7275	3.6807	400.355
330370	3.7275	3.6806	400.354
330409	3.7275	3.6806	400.3543
330449	3.7276	3.6806	400.3551
330489	3.7275	3.6805	400.355
330558	3.7275	3.6807	400.3553
330570	3.7275	3.6807	400.3543
330609	3.7275	3.6806	400.3549
330649	3.7275	3.6806	400.3541
330689	3.7276	3.6807	400.356
330758	3.7276	3.6807	400.3557
330770	3.7276	3.6806	400.3551
330809	3.7276	3.6807	400.3534
330853	3.7276	3.6806	400.3551
330890	3.7275	3.6806	400.355
330959	3.7276	3.6806	400.3543
330971	3.7276	3.6805	400.3541
331010	3.7276	3.6806	400.3551
331050	3.7276	3.6806	400.3544
331090	3.7275	3.6806	400.3546
331159	3.7276	3.6806	400.3544
331171	3.7276	3.6806	400.3548
331210	3.7275	3.6806	400.3545
331250	3.7275	3.6807	400.3555
331290	3.7275	3.6806	400.3547
331359	3.7276	3.6805	400.3543
331371	3.7276	3.6806	400.3537
331410	3.7276	3.6806	400.3543
331450	3.7276	3.6807	400.3535
331490	3.7276	3.6806	400.3556
331559	3.7276	3.6806	400.3544
331571	3.7276	3.6806	400.3539
331611	3.7276	3.6807	400.354
331651	3.7275	3.6807	400.3539
331691	3.7276	3.6806	400.3541
331760	3.7275	3.6805	400.3545
331772	3.7275	3.6806	400.3547
331811	3.7276	3.6806	400.355
331851	3.7276	3.6806	400.3542
331891	3.7275	3.6806	400.3543
331960	3.7275	3.6806	400.353
331972	3.7275	3.6806	400.3541
332011	3.7275	3.6806	400.3536
332051	3.7275	3.6806	400.3538
332091	3.7275	3.6806	400.3549
332160	3.7276	3.6806	400.3547
332172	3.7276	3.6806	400.3535
332212	3.7276	3.6805	400.3543
332252	3.7275	3.6806	400.3549
332292	3.7275	3.6807	400.3545
332361	3.7275	3.6807	400.3566
332373	3.7275	3.6806	400.3546
332412	3.7275	3.6806	400.3547
332452	3.7275	3.6806	400.3555
332492	3.7276	3.6805	400.3546
332561	3.7275	3.6807	400.3538
332573	3.7275	3.6807	400.3547
332612	3.7275	3.6806	400.3549
332652	3.7275	3.6806	400.354
332692	3.7276	3.6807	400.3542
332761	3.7276	3.6807	400.3551
332773	3.7276	3.6806	400.3537
332812	3.7275	3.6806	400.3545
332852	3.7276	3.6807	400.3546
332893	3.7275	3.6805	400.3539
332962	3.7275	3.6806	400.3539
332974	3.7275	3.6806	400.3545
333013	3.7275	3.6806	400.3542
333053	3.7276	3.6806	400.3553
333093	3.7275	3.6806	400.3546
333162	3.7275	3.6806	400.3558
333174	3.7275	3.6806	400.3557
333213	3.7276	3.6806	400.3543
333253	3.7275	3.6806	400.3549
333293	3.7276	3.6807	400.3551
333362	3.7276	3.6806	400.3552
333374	3.7276	3.6806	400.3551
333416	3.7276	3.6806	400.3542
333453	3.7276	3.6807	400.3562
333494	3.7276	3.6806	400.3554
333563	3.7276	3.6805	400.3546
333575	3.7276	3.6806	400.3541
333614	3.7276	3.6807	400.3552
333654	3.7275	3.6806	400.3534
333694	3.7276	3.6806	400.3548
333763	3.7276	3.6806	400.3541
333775	3.7276	3.6805	400.3541
333814	3.7275	3.6806	400.3536
333854	3.7276	3.6806	400.3539
333894	3.7276	3.6806	400.3546
333963	3.7276	3.6805	400.3539
333975	3.7276	3.6805	400.3541
334014	3.7274	3.6806	400.354
334054	3.7275	3.6806	400.3537
334094	3.7276	3.6806	400.3548
334164	3.7276	3.6806	400.3549
334176	3.7276	3.6806	400.3541
334215	3.7276	3.6806	400.3527
334255	3.7275	3.6806	400.3544
334295	3.7276	3.6806	400.3548
334364	3.7276	3.6806	400.3557
334376	3.7276	3.6807	400.3557
334415	3.7276	3.6807	400.3549
334455	3.7276	3.6807	400.3558
334495	3.7276	3.6806	400.3537
334564	3.7276	3.6805	400.3549
334576	3.7276	3.6806	400.3546
334615	3.7275	3.6806	400.354
334655	3.7276	3.6806	400.3556
334695	3.7275	3.6806	400.3555
334765	3.7276	3.6806	400.3552
334777	3.7276	3.6806	400.3542
334816	3.7276	3.6806	400.3545
334856	3.7276	3.6805	400.3537
334896	3.7276	3.6806	400.3543
334965	3.7275	3.6807	400.3549
334977	3.7275	3.6805	400.3541
335016	3.7275	3.6807	400.3539
335056	3.7275	3.6806	400.3538
335096	3.7275	3.6806	400.3536
335165	3.7275	3.6806	400.3551
335177	3.7275	3.6806	400.3551
335216	3.7274	3.6806	400.3546
335256	3.7275	3.6806	400.3548
335296	3.7275	3.6806	400.3537
335366	3.7276	3.6806	400.3545
335378	3.7276	3.6806	400.3553
335417	3.7275	3.6805	400.3543
335457	3.7276	3.6806	400.3547
335497	3.7275	3.6805	400.3545
335566	3.7274	3.6806	400.3553
335578	3.7274	3.6805	400.353
335617	3.7276	3.6806	400.3552
335657	3.7275	3.6805	400.3536
335697	3.7276	3.6805	400.3546
335766	3.7276	3.6806	400.355
335778	3.7276	3.6806	400.3551
335817	3.7275	3.6805	400.3544
335857	3.7276	3.6807	400.3551
335897	3.7274	3.6806	400.3535
335966	3.7276	3.6805	400.3531
335979	3.7276	3.6806	400.3539
336018	3.7275	3.6806	400.355
336058	3.7276	3.6806	400.3552
336098	3.7276	3.6806	400.355
336167	3.7276	3.6806	400.3545
336179	3.7276	3.6805	400.355
336218	3.7275	3.6807	400.3537
336258	3.7276	3.6806	400.3548
336298	3.7276	3.6805	400.3549
336367	3.7275	3.6805	400.3544
336379	3.7275	3.6805	400.3551
336418	3.7276	3.6807	400.3551
336458	3.7275	3.6807	400.3546
336498	3.7275	3.6806	400.3541
336568	3.7276	3.6806	400.3545
336580	3.7276	3.6806	400.3549
336619	3.7275	3.6807	400.3548
336659	3.7276	3.6806	400.3548
336699	3.7275	3.6806	400.3561
336768	3.7275	3.6806	400.3544
336780	3.7275	3.6806	400.3541
336819	3.7276	3.6805	400.3537
336859	3.7275	3.6806	400.354
336899	3.7276	3.6806	400.3559
336971	3.7275	3.6806	400.3541
336980	3.7275	3.6807	400.3545
337019	3.7275	3.6806	400.3543
337059	3.7275	3.6806	400.3544
337099	3.7276	3.6806	400.3548
337168	3.7276	3.6807	400.3547
337180	3.7276	3.6805	400.3536
337220	3.7274	3.6807	400.354
337260	3.7276	3.6806	400.3551
337300	3.7275	3.6806	400.3545
337369	3.7275	3.6806	400.3544
337381	3.7275	3.6806	400.3546
337420	3.7275	3.6807	400.3542
337460	3.7276	3.6806	400.3543
337500	3.7276	3.6806	400.3554
337569	3.7276	3.6807	400.3551
337581	3.7276	3.6806	400.3551
337620	3.7276	3.6806	400.3549
337660	3.7276	3.6806	400.3551
337700	3.7275	3.6805	400.3536
337769	3.7275	3.6807	400.3539
337781	3.7275	3.6806	400.3534
337821	3.7275	3.6806	400.356
337861	3.7275	3.6807	400.3537
337901	3.7276	3.6806	400.3549
337970	3.7275	3.6806	400.3541
337985	3.7275	3.6807	400.3547
338021	3.7275	3.6806	400.3546
338061	3.7275	3.6806	400.3548
338101	3.7275	3.6806	400.353
338170	3.7276	3.6806	400.3547
338182	3.7276	3.6805	400.3536
338221	3.7277	3.6807	400.3543
338261	3.7276	3.6807	400.3558
338301	3.7275	3.6807	400.3542
338370	3.7275	3.6806	400.3545
338382	3.7275	3.6806	400.3531
338422	3.7276	3.6807	400.3559
338462	3.7275	3.6806	400.3563
338505	3.7275	3.6806	400.3544
338571	3.7276	3.6806	400.3541
338583	3.7276	3.6807	400.3549
338622	3.7275	3.6806	400.3554
338662	3.7276	3.6805	400.3547
338702	3.7276	3.6807	400.3541
338771	3.7276	3.6806	400.3548
338783	3.7276	3.6806	400.3541
338822	3.7276	3.6806	400.3539
338862	3.7275	3.6806	400.3545
338902	3.7274	3.6806	400.3556
338972	3.7275	3.6806	400.3534
338984	3.7275	3.6806	400.3537
339026	3.7276	3.6805	400.3543
339063	3.7276	3.6805	400.3559
339103	3.7275	3.6806	400.3549
339172	3.7275	3.6806	400.3545
339184	3.7275	3.6806	400.3539
339223	3.7275	3.6807	400.3552
339263	3.7275	3.6806	400.355
339303	3.7276	3.6806	400.3541
339372	3.7276	3.6806	400.3544
339384	3.7276	3.6805	400.3539
339423	3.7275	3.6806	400.3545
339463	3.7275	3.6806	400.3549
339503	3.7275	3.6806	400.3535
339573	3.7274	3.6807	400.354
339585	3.7274	3.6806	400.3543
339624	3.7276	3.6806	400.3551
339664	3.7276	3.6806	400.3563
339704	3.7276	3.6807	400.355
339773	3.7275	3.6806	400.3546
339785	3.7275	3.6806	400.3546
339824	3.7275	3.6806	400.3543
339864	3.7274	3.6806	400.3542
339904	3.7276	3.6805	400.3548
339973	3.7275	3.6806	400.3547
339985	3.7275	3.6806	400.3543
340024	3.7275	3.6806	400.3545
340065	3.7276	3.6806	400.3541
340105	3.7275	3.6806	400.3534
340174	3.7275	3.6806	400.3551
340186	3.7275	3.6806	400.3547
340225	3.7276	3.6806	400.355
340265	3.7276	3.6806	400.3546
340305	3.7276	3.6806	400.3541
340374	3.7276	3.6807	400.3562
340386	3.7276	3.6806	400.3542
340425	3.7275	3.6806	400.354
340465	3.7275	3.6805	400.3543
340505	3.7275	3.6806	400.3554
340574	3.7275	3.6805	400.3552
340586	3.7275	3.6806	400.3546
340625	3.7275	3.6806	400.3539
340665	3.7275	3.6806	400.3547
340706	3.7275	3.6806	400.3554
340775	3.7276	3.6805	400.3543
340787	3.7276	3.6807	400.3537
340826	3.7275	3.6806	400.3554
340866	3.7275	3.6806	400.354
340906	3.7275	3.6806	400.3554
340975	3.7276	3.6806	400.3542
340987	3.7276	3.6805	400.3541
341026	3.7275	3.6805	400.355
341066	3.7276	3.6806	400.3551
341106	3.7275	3.6806	400.3549
341175	3.7275	3.6806	400.3545
341187	3.7275	3.6806	400.3547
341226	3.7276	3.6806	400.3555
341266	3.7275	3.6806	400.3549
341307	3.7275	3.6806	400.3552
341376	3.7275	3.6806	400.3535
341388	3.7275	3.6806	400.3543
341427	3.7275	3.6806	400.3535
341467	3.7275	3.6805	400.3542
341507	3.7275	3.6806	400.3552
341576	3.7277	3.6805	400.3546
341588	3.7277	3.6806	400.3553
341627	3.7276	3.6806	400.3536
341667	3.7275	3.6806	400.3536
341707	3.7275	3.6806	400.3539
341776	3.7276	3.6806	400.3549
341788	3.7276	3.6806	400.3542
341827	3.7276	3.6807	400.3557
341868	3.7275	3.6806	400.3552
341908	3.7275	3.6806	400.3559
341977	3.7276	3.6805	400.3545
341989	3.7276	3.6807	400.3545
342028	3.7276	3.6806	400.3538
342068	3.7276	3.6806	400.3542
342108	3.7275	3.6806	400.354
342177	3.7274	3.6806	400.3546
342189	3.7274	3.6806	400.3537
342228	3.7274	3.6807	400.3535
342268	3.7275	3.6806	400.3542
342308	3.7275	3.6806	400.3543
342377	3.7275	3.6806	400.3551
342389	3.7275	3.6807	400.3542
342429	3.7276	3.6806	400.3549
342469	3.7275	3.6806	400.3538
342509	3.7276	3.6807	400.3553
342581	3.7276	3.6807	400.356
342590	3.7276	3.6807	400.3557
342629	3.7276	3.6806	400.3539
342669	3.7275	3.6806	400.3539
342709	3.7275	3.6806	400.3544
342778	3.7275	3.6805	400.3541
342790	3.7275	3.6805	400.3536
342829	3.7276	3.6805	400.354
342869	3.7275	3.6806	400.3556
342909	3.7275	3.6806	400.3542
342979	3.7275	3.6805	400.354
342991	3.7275	3.6806	400.3542
343030	3.7275	3.6806	400.3535
343070	3.7276	3.6807	400.3531
343110	3.7275	3.6807	400.3559
343179	3.7276	3.6805	400.355
343191	3.7276	3.6806	400.3544
343230	3.7276	3.6806	400.3545
343270	3.7276	3.6805	400.3545
343310	3.7275	3.6806	400.3543
343379	3.7276	3.6806	400.3548
343391	3.7276	3.6806	400.3531
343430	3.7276	3.6806	400.3545
343470	3.7275	3.6807	400.3561
343510	3.7276	3.6806	400.3546
343580	3.7276	3.6805	400.3541
343592	3.7276	3.6805	400.3536
343631	3.7275	3.6806	400.3549
343671	3.7275	3.6806	400.3549
343711	3.7275	3.6806	400.3541
343780	3.7276	3.6806	400.3546
343792	3.7276	3.6806	400.3539
343831	3.7276	3.6806	400.3545
343871	3.7276	3.6806	400.3542
343911	3.7276	3.6806	400.3551
343980	3.7276	3.6806	400.354
343992	3.7276	3.6806	400.3543
344031	3.7276	3.6807	400.3553
344071	3.7276	3.6807	400.3536
344111	3.7276	3.6806	400.3547
344181	3.7276	3.6807	400.3559
344193	3.7276	3.6806	400.3554
344232	3.7274	3.6807	400.3539
344272	3.7276	3.6806	400.3552
344312	3.7276	3.6806	400.3551
344381	3.7275	3.6806	400.3541
344393	3.7275	3.6807	400.355
344432	3.7275	3.6806	400.3548
344472	3.7276	3.6805	400.355
344512	3.7276	3.6806	400.3542
344581	3.7276	3.6806	400.3546
344593	3.7276	3.6806	400.3538
344635	3.7276	3.6806	400.3549
344672	3.7275	3.6807	400.3542
344712	3.7275	3.6806	400.3549
344781	3.7275	3.6806	400.3554
344794	3.7275	3.6807	400.3547
344833	3.7275	3.6807	400.3547
344873	3.7275	3.6806	400.355
344913	3.7276	3.6806	400.3539
344982	3.7276	3.6805	400.3542
344994	3.7276	3.6806	400.3543
345033	3.7275	3.6806	400.3557
345073	3.7275	3.6806	400.3539
345113	3.7276	3.6807	400.3548
345182	3.7276	3.6807	400.3547
345194	3.7276	3.6806	400.3545
345233	3.7275	3.6806	400.3552
345273	3.7276	3.6806	400.3543
345313	3.7275	3.6807	400.3547
345382	3.7275	3.6806	400.3543
345394	3.7275	3.6806	400.3541
345434	3.7276	3.6806	400.3537
345474	3.7275	3.6806	400.3544
345514	3.7275	3.6806	400.3552
345583	3.7275	3.6806	400.3553
345595	3.7275	3.6806	400.3536
345634	3.7276	3.6806	400.3554
345674	3.7276	3.6806	400.355
345714	3.7276	3.6805	400.3551
345783	3.7276	3.6804	400.3537
345795	3.7276	3.6806	400.3541
345834	3.7276	3.6806	400.3544
345874	3.7275	3.6806	400.3543
345914	3.7275	3.6805	400.3545
345983	3.7276	3.6805	400.3534
345996	3.7276	3.6806	400.3547
346035	3.7276	3.6806	400.3538
346075	3.7275	3.6806	400.3558
346115	3.7276	3.6806	400.3549
346184	3.7276	3.6805	400.3544
346196	3.7276	3.6807	400.3552
346235	3.7275	3.6806	400.3549
346275	3.7275	3.6806	400.3542
346315	3.7275	3.6806	400.355
346384	3.7275	3.6805	400.3551
346396	3.7275	3.6806	400.3557
346435	3.7276	3.6806	400.354
346475	3.7275	3.6806	400.3537
346515	3.7276	3.6806	400.3563
346585	3.7275	3.6806	400.3547
346596	3.7275	3.6806	400.3541
346636	3.7276	3.6806	400.3547
346676	3.7276	3.6807	400.3551
346716	3.7275	3.6806	400.355
346785	3.7275	3.6807	400.3549
346797	3.7275	3.6806	400.3549
346836	3.7276	3.6807	400.3544
346876	3.7276	3.6807	400.3555
346916	3.7276	3.6807	400.3544
346985	3.7275	3.6807	400.3547
346997	3.7275	3.6806	400.3541
347036	3.7275	3.6806	400.3545
347076	3.7275	3.6807	400.3536
347116	3.7275	3.6805	400.3546
347186	3.7275	3.6805	400.3546
347198	3.7275	3.6806	400.3541
347237	3.7276	3.6806	400.3538
347277	3.7276	3.6806	400.3555
347317	3.7276	3.6806	400.355
347386	3.7276	3.6806	400.3542
347398	3.7276	3.6806	400.3545
347437	3.7276	3.6806	400.3535
347477	3.7275	3.6807	400.3553
347517	3.7275	3.6807	400.3538
347586	3.7276	3.6806	400.3539
347598	3.7276	3.6806	400.3539
347637	3.7275	3.6807	400.355
347677	3.7275	3.6807	400.3544
347717	3.7275	3.6807	400.3561
347786	3.7276	3.6806	400.3547
347799	3.7276	3.6806	400.3542
347838	3.7276	3.6806	400.3542
347878	3.7275	3.6806	400.3546
347918	3.7275	3.6806	400.3552
347987	3.7275	3.6806	400.3549
347999	3.7275	3.6805	400.3554
348038	3.7276	3.6806	400.3541
348078	3.7276	3.6806	400.3555
348118	3.7276	3.6806	400.3543
348187	3.7276	3.6806	400.3539
348199	3.7276	3.6806	400.3541
348238	3.7276	3.6806	400.3541
348278	3.7276	3.6806	400.3536
348318	3.7276	3.6806	400.355
348387	3.7276	3.6806	400.3537
348400	3.7276	3.6805	400.3548
348439	3.7275	3.6806	400.3561
348479	3.7276	3.6806	400.3547
348519	3.7276	3.6806	400.3557
348588	3.7276	3.6805	400.3529
348600	3.7276	3.6806	400.3538
348639	3.7276	3.6806	400.3537
348682	3.7276	3.6806	400.3554
348719	3.7276	3.6806	400.3532
348788	3.7275	3.6805	400.3544
348800	3.7275	3.6806	400.3543
348839	3.7276	3.6807	400.3548
348879	3.7276	3.6806	400.3547
348919	3.7275	3.6807	400.3547
348989	3.7276	3.6807	400.3548
349001	3.7276	3.6806	400.3546
349040	3.7275	3.6807	400.3547
349080	3.7276	3.6807	400.353
349120	3.7276	3.6806	400.3547
349192	3.7275	3.6807	400.3546
349201	3.7275	3.6806	400.3543
349240	3.7276	3.6806	400.3558
349280	3.7276	3.6806	400.3536
349320	3.7276	3.6806	400.3555
349389	3.7276	3.6805	400.3549
349401	3.7276	3.6806	400.3556
349440	3.7276	3.6806	400.3546
349480	3.7276	3.6806	400.3536
349520	3.7275	3.6806	400.3553
349590	3.7276	3.6806	400.3553
349602	3.7276	3.6807	400.3553
349641	3.7275	3.6806	400.3537
349681	3.7276	3.6806	400.3558
349721	3.7275	3.6805	400.3532
349790	3.7275	3.6807	400.3557
349802	3.7275	3.6807	400.3554
349841	3.7275	3.6806	400.3544
349881	3.7276	3.6806	400.355
349921	3.7276	3.6806	400.355
349990	3.7276	3.6807	400.3554
350002	3.7276	3.6807	400.3567
350041	3.7276	3.6806	400.3541
350081	3.7276	3.6806	400.3538
350122	3.7275	3.6806	400.3531
350191	3.7276	3.6806	400.354
350206	3.7276	3.6806	400.3532
350242	3.7276	3.6806	400.3543
350282	3.7275	3.6806	400.3551
350322	3.7275	3.6806	400.355
350391	3.7275	3.6806	400.3547
350403	3.7275	3.6805	400.3548
350442	3.7276	3.6805	400.3539
350482	3.7276	3.6807	400.354
350522	3.7276	3.6806	400.3541
350591	3.7275	3.6806	400.3535
350603	3.7275	3.6806	400.3534
350642	3.7276	3.6806	400.3539
350683	3.7275	3.6807	400.3545
350723	3.7275	3.6807	400.3538
350792	3.7276	3.6806	400.3542
350804	3.7276	3.6806	400.355
350843	3.7275	3.6806	400.3538
350883	3.7276	3.6806	400.3549
350923	3.7275	3.6807	400.3556
350992	3.7276	3.6806	400.3547
351004	3.7276	3.6806	400.354
351043	3.7276	3.6805	400.3543
351083	3.7276	3.6806	400.3558
351123	3.7275	3.6806	400.354
351192	3.7275	3.6806	400.3555
351204	3.7275	3.6805	400.3548
351243	3.7276	3.6806	400.3548
351284	3.7276	3.6806	400.3546
351324	3.7275	3.6806	400.3555
351393	3.7276	3.6806	400.3547
351405	3.7276	3.6806	400.3547
351444	3.7276	3.6806	400.3544
351484	3.7276	3.6805	400.3551
351524	3.7276	3.6806	400.3554
351593	3.7275	3.6806	400.3548
351605	3.7275	3.6805	400.3548
351644	3.7276	3.6806	400.3553
351684	3.7275	3.6806	400.3547
351724	3.7275	3.6806	400.3539
351793	3.7275	3.6805	400.3543
351805	3.7275	3.6806	400.3544
351844	3.7276	3.6806	400.3535
351885	3.7276	3.6806	400.3543
351925	3.7276	3.6806	400.3539
351994	3.7275	3.6806	400.3549
352006	3.7275	3.6805	400.3544
352045	3.7276	3.6806	400.3553
352085	3.7276	3.6805	400.354
352125	3.7275	3.6806	400.3544
352194	3.7275	3.6806	400.3559
352206	3.7275	3.6806	400.3542
352250	3.7276	3.6807	400.355
352285	3.7276	3.6806	400.3547
352325	3.7276	3.6806	400.3543
352395	3.7275	3.6807	400.3552
352406	3.7275	3.6806	400.3552
352446	3.7276	3.6805	400.3555
352486	3.7275	3.6806	400.3538
352526	3.7275	3.6806	400.3553
352595	3.7276	3.6805	400.3543
352607	3.7276	3.6806	400.3542
352646	3.7276	3.6806	400.3536
352686	3.7275	3.6806	400.3548
352726	3.7276	3.6806	400.3549
352796	3.7276	3.6805	400.3538
352807	3.7276	3.6805	400.3541
352846	3.7276	3.6806	400.3537
352886	3.7276	3.6807	400.3545
352926	3.7275	3.6806	400.354
352996	3.7276	3.6806	400.354
353007	3.7276	3.6806	400.3541
353046	3.7276	3.6806	400.3548
353087	3.7276	3.6806	400.3548
353127	3.7275	3.6807	400.3549
353196	3.7276	3.6806	400.3544
353208	3.7276	3.6806	400.3539
353247	3.7275	3.6805	400.355
353287	3.7275	3.6806	400.3557
353327	3.7275	3.6806	400.3544
353396	3.7275	3.6805	400.3542
353408	3.7275	3.6806	400.3551
353447	3.7276	3.6805	400.3558
353487	3.7276	3.6806	400.355
353527	3.7275	3.6805	400.3538
353596	3.7275	3.6805	400.3536
353608	3.7275	3.6806	400.3528
353647	3.7276	3.6805	400.3542
353688	3.7275	3.6806	400.3535
353728	3.7276	3.6806	400.3552
353797	3.7275	3.6807	400.3547
353809	3.7275	3.6806	400.3555
353848	3.7276	3.6806	400.3541
353888	3.7276	3.6806	400.3541
353928	3.7276	3.6805	400.3552
353997	3.7276	3.6807	400.3559
354009	3.7276	3.6805	400.3542
354048	3.7275	3.6806	400.3541
354088	3.7275	3.6806	400.354
354128	3.7275	3.6806	400.3538
354197	3.7275	3.6806	400.354
354209	3.7275	3.6806	400.3534
354248	3.7276	3.6806	400.3552
354292	3.7276	3.6807	400.3546
354329	3.7276	3.6806	400.3551
354398	3.7275	3.6807	400.355
354410	3.7275	3.6806	400.354
354449	3.7275	3.6806	400.3554
354489	3.7275	3.6807	400.3537
354529	3.7276	3.6806	400.3553
354598	3.7275	3.6806	400.3547
354610	3.7275	3.6806	400.3523
354649	3.7277	3.6806	400.3558
354689	3.7276	3.6806	400.3539
354729	3.7276	3.6806	400.3549
354802	3.7275	3.6807	400.3548
354810	3.7275	3.6806	400.354
354849	3.7276	3.6806	400.3559
354890	3.7276	3.6807	400.3542
354930	3.7276	3.6806	400.3546
354999	3.7275	3.6806	400.3541
355011	3.7275	3.6805	400.3542
355050	3.7276	3.6806	400.3543
355090	3.7275	3.6806	400.3553
355130	3.7275	3.6805	400.3539
355199	3.7275	3.6806	400.3548
355211	3.7275	3.6806	400.3548
355250	3.7276	3.6806	400.3538
355290	3.7275	3.6806	400.3548
355330	3.7275	3.6806	400.3546
355400	3.7276	3.6805	400.3533
355412	3.7276	3.6806	400.3537
355451	3.7276	3.6806	400.3539
355491	3.7276	3.6806	400.355
355531	3.7276	3.6806	400.3562
355600	3.7276	3.6806	400.3542
355612	3.7276	3.6806	400.3547
355651	3.7276	3.6806	400.3533
355691	3.7275	3.6806	400.3544
355731	3.7276	3.6806	400.3551
355800	3.7276	3.6805	400.3551
355814	3.7276	3.6806	400.3547
355851	3.7276	3.6806	400.3536
355891	3.7275	3.6806	400.3548
355931	3.7275	3.6807	400.3533
356000	3.7276	3.6805	400.3553
356012	3.7276	3.6806	400.3539
356052	3.7275	3.6806	400.3537
356092	3.7276	3.6806	400.355
356132	3.7276	3.6807	400.3552
356201	3.7276	3.6807	400.3559
356213	3.7276	3.6807	400.3547
356252	3.7275	3.6806	400.3538
356292	3.7275	3.6805	400.354
356334	3.7276	3.6806	400.3553
356401	3.7275	3.6807	400.3546
356413	3.7275	3.6806	400.3546
356452	3.7275	3.6806	400.3532
356492	3.7275	3.6806	400.3546
356532	3.7276	3.6806	400.3544
356601	3.7276	3.6806	400.355
356614	3.7276	3.6806	400.355
356653	3.7276	3.6806	400.3553
356693	3.7275	3.6807	400.3535
356733	3.7276	3.6806	400.3557
356802	3.7275	3.6807	400.3558
356814	3.7275	3.6806	400.3557
356853	3.7275	3.6806	400.3547
356893	3.7275	3.6806	400.3555
356933	3.7275	3.6806	400.3555
357002	3.7275	3.6806	400.3544
357014	3.7275	3.6806	400.3537
357053	3.7275	3.6806	400.354
357093	3.7276	3.6806	400.3554
357133	3.7275	3.6806	400.3547
357203	3.7276	3.6806	400.3542
357215	3.7276	3.6806	400.3542
357254	3.7276	3.6806	400.3553
357294	3.7275	3.6806	400.354
357334	3.7276	3.6807	400.3541
357403	3.7275	3.6806	400.3539
357415	3.7275	3.6805	400.354
357454	3.7275	3.6806	400.3554
357494	3.7276	3.6806	400.3542
357534	3.7276	3.6806	400.3551
357603	3.7276	3.6805	400.3549
357615	3.7276	3.6805	400.3549
357654	3.7275	3.6806	400.355
357694	3.7276	3.6805	400.3542
357735	3.7276	3.6806	400.3542
357804	3.7276	3.6806	400.3549
357816	3.7276	3.6806	400.3538
357855	3.7276	3.6806	400.3536
357895	3.7276	3.6806	400.355
357935	3.7276	3.6806	400.3543
358004	3.7275	3.6806	400.3542
358016	3.7275	3.6806	400.3536
358055	3.7276	3.6806	400.3549
358095	3.7276	3.6806	400.3543
358135	3.7275	3.6807	400.3545
358204	3.7276	3.6806	400.3548
358216	3.7276	3.6805	400.3545
358255	3.7276	3.6807	400.3545
358295	3.7275	3.6806	400.3539
358335	3.7275	3.6806	400.3539
358405	3.7276	3.6805	400.3537
358417	3.7276	3.6805	400.354
358456	3.7276	3.6806	400.3548
358496	3.7276	3.6806	400.3539
358536	3.7276	3.6806	400.3552
358605	3.7276	3.6807	400.3542
358617	3.7276	3.6807	400.3544
358656	3.7275	3.6806	400.3542
358696	3.7275	3.6806	400.3546
358736	3.7276	3.6806	400.3557
358805	3.7274	3.6806	400.3543
358817	3.7274	3.6807	400.3543
358856	3.7275	3.6806	400.3546
358897	3.7276	3.6807	400.3549
358937	3.7276	3.6807	400.3548
359006	3.7275	3.6806	400.3559
359018	3.7275	3.6806	400.3553
359057	3.7276	3.6806	400.3557
359097	3.7275	3.6806	400.3538
359137	3.7276	3.6806	400.3557
359206	3.7276	3.6805	400.355
359218	3.7276	3.6805	400.3535
359257	3.7276	3.6806	400.3548
359297	3.7275	3.6805	400.3558
359337	3.7276	3.6807	400.3552
359406	3.7276	3.6806	400.355
359418	3.7276	3.6807	400.3548
359457	3.7276	3.6805	400.3526
359497	3.7275	3.6806	400.3551
359537	3.7275	3.6806	400.3546
359607	3.7275	3.6806	400.3547
359619	3.7275	3.6806	400.3536
359658	3.7275	3.6807	400.3533
359698	3.7275	3.6806	400.3537
359738	3.7275	3.6806	400.3542
359807	3.7276	3.6806	400.3539
359819	3.7276	3.6806	400.3543
359858	3.7275	3.6807	400.354
359902	3.7276	3.6806	400.3536
359938	3.7274	3.6807	400.3547
360007	3.7276	3.6806	400.3533
360019	3.7276	3.6806	400.3538
360058	3.7276	3.6806	400.3533
360098	3.7276	3.6806	400.3546
360138	3.7275	3.6806	400.3549
360208	3.7275	3.6806	400.3541
360220	3.7275	3.6805	400.3538
360259	3.7275	3.6807	400.3542
360299	3.7276	3.6806	400.3554
360339	3.7276	3.6806	400.355
360411	3.7276	3.6805	400.3548
360420	3.7276	3.6806	400.3539
360459	3.7275	3.6806	400.3554
360499	3.7275	3.6807	400.3545
360539	3.7275	3.6806	400.3545
360608	3.7277	3.6805	400.3556
360620	3.7277	3.6806	400.3547
360659	3.7275	3.6806	400.3547
360699	3.7276	3.6806	400.3526
360739	3.7276	3.6806	400.3553
360809	3.7276	3.6806	400.3547
360820	3.7276	3.6805	400.3543
360860	3.7276	3.6806	400.355
360900	3.7276	3.6805	400.3535
360940	3.7276	3.6806	400.3548
361009	3.7276	3.6806	400.3542
361021	3.7276	3.6807	400.354
361060	3.7275	3.6806	400.3544
361100	3.7276	3.6806	400.3549
361140	3.7274	3.6807	400.3543
361209	3.7276	3.6807	400.3551
361221	3.7276	3.6806	400.3542
361260	3.7276	3.6806	400.3547
361300	3.7276	3.6806	400.3548
361340	3.7276	3.6806	400.3554
361409	3.7276	3.6806	400.3542
361421	3.7276	3.6807	400.3546
361460	3.7276	3.6807	400.3546
361500	3.7276	3.6807	400.355
361541	3.7276	3.6807	400.3545
361610	3.7275	3.6805	400.3542
361622	3.7275	3.6806	400.3545
361661	3.7275	3.6806	400.3538
361701	3.7276	3.6806	400.3551
361741	3.7276	3.6806	400.3546
361810	3.7276	3.6806	400.3541
361822	3.7276	3.6805	400.355
361861	3.7276	3.6806	400.354
361901	3.7276	3.6807	400.3555
361944	3.7275	3.6805	400.3539
362010	3.7275	3.6806	400.3547
362022	3.7275	3.6805	400.3537
362061	3.7276	3.6807	400.3543
362101	3.7276	3.6806	400.3546
362141	3.7276	3.6806	400.3555
362211	3.7276	3.6806	400.3543
362223	3.7276	3.6805	400.3543
362262	3.7276	3.6806	400.3546
362302	3.7275	3.6806	400.3551
362342	3.7275	3.6806	400.3538
362411	3.7276	3.6805	400.3539
362423	3.7276	3.6805	400.355
362462	3.7275	3.6806	400.3541
362502	3.7276	3.6807	400.3548
362542	3.7276	3.6806	400.3544
362611	3.7276	3.6806	400.3543
362623	3.7276	3.6805	400.3541
362662	3.7276	3.6805	400.3539
362702	3.7275	3.6807	400.3545
362742	3.7275	3.6806	400.3543
362812	3.7276	3.6805	400.3535
362824	3.7276	3.6806	400.3549
362863	3.7275	3.6806	400.3547
362903	3.7275	3.6806	400.3546
362943	3.7275	3.6806	400.3551
363012	3.7276	3.6806	400.3547
363024	3.7276	3.6805	400.3555
363063	3.7275	3.6806	400.3542
363103	3.7275	3.6806	400.3548
363143	3.7276	3.6806	400.3542
363212	3.7276	3.6805	400.3551
363224	3.7276	3.6806	400.3538
363263	3.7276	3.6806	400.3546
363304	3.7276	3.6806	400.355
363343	3.7275	3.6807	400.355
363413	3.7276	3.6807	400.3546
363425	3.7276	3.6805	400.3552
363464	3.7276	3.6806	400.3534
363504	3.7274	3.6806	400.3533
363544	3.7275	3.6806	400.3554
363613	3.7276	3.6805	400.355
363625	3.7276	3.6806	400.354
363664	3.7276	3.6806	400.3538
363704	3.7276	3.6806	400.3546
363744	3.7275	3.6807	400.3543
363813	3.7275	3.6807	400.3551
363825	3.7275	3.6806	400.3536
363864	3.7275	3.6806	400.3539
363904	3.7276	3.6807	400.3543
363944	3.7276	3.6807	400.3537
364014	3.7276	3.6807	400.3543
364026	3.7276	3.6806	400.354
364065	3.7276	3.6807	400.3549
364105	3.7276	3.6806	400.3556
364145	3.7277	3.6807	400.3552
364214	3.7275	3.6806	400.3538
364226	3.7275	3.6806	400.3538
364265	3.7275	3.6806	400.354
364305	3.7276	3.6806	400.3556
364345	3.7275	3.6806	400.3544
364414	3.7275	3.6806	400.3538
364426	3.7275	3.6806	400.3553
364465	3.7275	3.6806	400.3546
364506	3.7276	3.6806	400.3555
364545	3.7275	3.6807	400.3546
364615	3.7276	3.6806	400.3553
364627	3.7276	3.6806	400.3537
364666	3.7276	3.6806	400.3541
364706	3.7275	3.6806	400.3543
364746	3.7276	3.6806	400.3545
364815	3.7275	3.6805	400.3548
364827	3.7275	3.6806	400.3534
364866	3.7275	3.6806	400.3534
364906	3.7275	3.6806	400.3551
364946	3.7275	3.6807	400.3544
365015	3.7275	3.6806	400.355
365027	3.7275	3.6806	400.3541
365066	3.7276	3.6806	400.3538
365106	3.7275	3.6805	400.3536
365146	3.7276	3.6807	400.355
365216	3.7277	3.6805	400.3546
365228	3.7277	3.6806	400.3538
365267	3.7275	3.6806	400.3535
365307	3.7275	3.6806	400.3548
365347	3.7275	3.6806	400.3546
365416	3.7276	3.6805	400.3537
365428	3.7276	3.6806	400.3544
365467	3.7276	3.6806	400.3555
365509	3.7276	3.6807	400.3553
365547	3.7275	3.6806	400.3549
365616	3.7275	3.6806	400.3534
365628	3.7275	3.6806	400.3546
365667	3.7276	3.6806	400.3552
365707	3.7275	3.6806	400.354
365747	3.7276	3.6806	400.3549
365817	3.7275	3.6806	400.3537
365829	3.7275	3.6806	400.3536
365868	3.7276	3.6806	400.3542
365908	3.7276	3.6807	400.3544
365948	3.7276	3.6806	400.3554
366019	3.7275	3.6806	400.3542
366029	3.7275	3.6806	400.3539
366068	3.7275	3.6805	400.3545
366108	3.7276	3.6806	400.3559
366148	3.7275	3.6807	400.3556
366217	3.7275	3.6806	400.3552
366229	3.7275	3.6806	400.3545
366268	3.7275	3.6806	400.3552
366308	3.7276	3.6806	400.3545
366348	3.7275	3.6806	400.3557
366418	3.7276	3.6806	400.3548
366430	3.7276	3.6806	400.3541
366469	3.7275	3.6806	400.3537
366509	3.7276	3.6807	400.3541
366549	3.7275	3.6806	400.3538
366618	3.7276	3.6806	400.355
366630	3.7276	3.6806	400.3548
366669	3.7275	3.6807	400.354
366709	3.7276	3.6806	400.3555
366749	3.7276	3.6806	400.3542
366818	3.7275	3.6806	400.3541
366830	3.7275	3.6806	400.354
366869	3.7276	3.6806	400.3535
366909	3.7275	3.6806	400.3537
366949	3.7276	3.6807	400.3546
367019	3.7275	3.6806	400.3531
367034	3.7275	3.6806	400.3533
367070	3.7276	3.6807	400.3538
367110	3.7276	3.6806	400.3542
367150	3.7276	3.6806	400.355
367219	3.7275	3.6805	400.3544
367231	3.7275	3.6806	400.3551
367270	3.7276	3.6806	400.3539
367310	3.7276	3.6805	400.3545
367350	3.7275	3.6806	400.3548
367419	3.7275	3.6806	400.3537
367431	3.7275	3.6806	400.3542
367470	3.7276	3.6806	400.3552
367510	3.7276	3.6806	400.3544
367550	3.7275	3.6806	400.3551
367619	3.7276	3.6805	400.3539
367632	3.7276	3.6806	400.3543
367671	3.7275	3.6807	400.3546
367711	3.7275	3.6805	400.3557
367751	3.7275	3.6805	400.3548
367820	3.7276	3.6806	400.3533
367832	3.7276	3.6805	400.3532
367871	3.7275	3.6806	400.3544
367911	3.7276	3.6806	400.3537
367951	3.7276	3.6806	400.355
368020	3.7276	3.6806	400.3543
368032	3.7276	3.6805	400.3538
368071	3.7276	3.6807	400.3543
368111	3.7276	3.6805	400.3544
368151	3.7276	3.6806	400.3543
368221	3.7275	3.6807	400.3549
368233	3.7275	3.6806	400.3537
368272	3.7275	3.6806	400.3537
368312	3.7276	3.6806	400.3548
368352	3.7276	3.6806	400.3557
368421	3.7275	3.6807	400.3541
368433	3.7275	3.6806	400.354
368472	3.7275	3.6806	400.3524
368512	3.7275	3.6805	400.3544
368554	3.7276	3.6806	400.355
368621	3.7275	3.6807	400.354
368633	3.7275	3.6806	400.3533
368672	3.7276	3.6806	400.3557
368712	3.7276	3.6806	400.3546
368752	3.7274	3.6806	400.3554
368822	3.7276	3.6807	400.3536
368834	3.7276	3.6807	400.3538
368873	3.7276	3.6806	400.3542
368913	3.7276	3.6806	400.3543
368953	3.7276	3.6806	400.3533
369022	3.7276	3.6806	400.3554
369034	3.7276	3.6806	400.3543
369073	3.7276	3.6805	400.3551
369113	3.7276	3.6806	400.3537
369153	3.7276	3.6807	400.3562
369222	3.7276	3.6807	400.3548
369234	3.7276	3.6805	400.3536
369273	3.7276	3.6806	400.3537
369314	3.7276	3.6806	400.3555
369353	3.7276	3.6806	400.3555
369423	3.7275	3.6805	400.3548
369435	3.7275	3.6806	400.3546
369474	3.7276	3.6806	400.3548
369514	3.7276	3.6806	400.354
369554	3.7274	3.6806	400.3539
369623	3.7276	3.6806	400.3548
369635	3.7276	3.6805	400.3539
369674	3.7275	3.6806	400.3547
369714	3.7275	3.6806	400.3539
369754	3.7276	3.6806	400.3547
369823	3.7276	3.6805	400.3548
369835	3.7276	3.6806	400.3537
369874	3.7276	3.6806	400.3537
369915	3.7275	3.6806	400.3547
369954	3.7276	3.6807	400.3548
370024	3.7276	3.6806	400.3547
370036	3.7276	3.6805	400.3537
370078	3.7276	3.6806	400.3549
370115	3.7275	3.6806	400.3546
370155	3.7276	3.6806	400.3543
370224	3.7277	3.6805	400.3535
370236	3.7277	3.6806	400.3532
370275	3.7276	3.6805	400.3541
370315	3.7276	3.6807	400.3555
370355	3.7275	3.6806	400.3534
370424	3.7275	3.6805	400.3545
370436	3.7275	3.6806	400.354
370475	3.7277	3.6805	400.3538
370515	3.7276	3.6805	400.3535
370555	3.7276	3.6806	400.3541
370625	3.7275	3.6806	400.3557
370637	3.7275	3.6807	400.3542
370676	3.7275	3.6807	400.3544
370716	3.7276	3.6806	400.3545
370756	3.7275	3.6806	400.3545
370825	3.7276	3.6806	400.3538
370837	3.7276	3.6806	400.3549
370876	3.7276	3.6805	400.355
370916	3.7275	3.6805	400.355
370956	3.7276	3.6806	400.3555
371025	3.7275	3.6806	400.3551
371037	3.7275	3.6806	400.3552
371076	3.7276	3.6806	400.355
371116	3.7276	3.6806	400.3543
371156	3.7276	3.6807	400.3547
371226	3.7275	3.6805	400.3544
371238	3.7275	3.6807	400.3554
371277	3.7275	3.6806	400.3541
371317	3.7275	3.6806	400.3532
371357	3.7276	3.6806	400.355
371426	3.7276	3.6806	400.3551
371438	3.7276	3.6806	400.3552
371477	3.7276	3.6806	400.3553
371517	3.7275	3.6806	400.3543
371557	3.7276	3.6806	400.354
371626	3.7275	3.6806	400.3547
371638	3.7275	3.6806	400.3536
371677	3.7275	3.6805	400.3554
371718	3.7275	3.6805	400.3543
371758	3.7277	3.6806	400.3551
371827	3.7276	3.6806	400.3542
371839	3.7276	3.6806	400.3535
371878	3.7276	3.6806	400.3542
371918	3.7276	3.6806	400.3546
371958	3.7275	3.6806	400.3545
372027	3.7275	3.6805	400.3537
372039	3.7275	3.6806	400.3549
372078	3.7276	3.6806	400.3539
372119	3.7275	3.6806	400.3547
372158	3.7275	3.6806	400.3543
372227	3.7276	3.6806	400.3533
372239	3.7276	3.6806	400.3536
372278	3.7276	3.6806	400.3538
372318	3.7276	3.6806	400.3546
372359	3.7275	3.6806	400.3551
372428	3.7275	3.6805	400.3542
372440	3.7275	3.6806	400.355
372479	3.7276	3.6807	400.3547
372519	3.7276	3.6807	400.3533
372559	3.7275	3.6805	400.3543
372629	3.7275	3.6805	400.3544
372640	3.7275	3.6806	400.3543
372679	3.7276	3.6806	400.3529
372719	3.7275	3.6807	400.355
372759	3.7276	3.6805	400.3557
372828	3.7276	3.6805	400.3548
372840	3.7276	3.6806	400.3543
372879	3.7275	3.6806	400.3539
372919	3.7275	3.6806	400.3543
372959	3.7276	3.6806	400.3543
373029	3.7276	3.6807	400.3548
373041	3.7276	3.6806	400.3536
373080	3.7275	3.6806	400.3549
373120	3.7275	3.6807	400.3541
373160	3.7275	3.6806	400.3543
373229	3.7276	3.6807	400.3541
373241	3.7276	3.6806	400.3539
373280	3.7275	3.6805	400.3532
373320	3.7275	3.6806	400.3532
373360	3.7276	3.6806	400.3545
373429	3.7276	3.6806	400.354
373441	3.7276	3.6806	400.3532
373480	3.7275	3.6806	400.3537
373520	3.7276	3.6805	400.3537
373561	3.7275	3.6806	400.3548
373630	3.7275	3.6806	400.3548
373645	3.7275	3.6806	400.3545
373681	3.7276	3.6806	400.3557
373721	3.7275	3.6807	400.3543
373761	3.7276	3.6807	400.3557
373830	3.7275	3.6807	400.3554
373842	3.7275	3.6806	400.3554
373881	3.7275	3.6807	400.3549
373921	3.7275	3.6807	400.3545
373961	3.7275	3.6806	400.3546
374030	3.7275	3.6807	400.3548
374042	3.7275	3.6806	400.354
374081	3.7275	3.6806	400.3539
374122	3.7275	3.6807	400.3537
374162	3.7275	3.6806	400.354
374231	3.7275	3.6805	400.3543
374243	3.7275	3.6806	400.3548
374282	3.7276	3.6806	400.3541
374322	3.7275	3.6805	400.3542
374362	3.7275	3.6806	400.3549
374431	3.7276	3.6806	400.3541
374443	3.7276	3.6805	400.3536
374482	3.7275	3.6806	400.3543
374522	3.7275	3.6806	400.355
374562	3.7276	3.6806	400.3553
374631	3.7275	3.6805	400.3542
374643	3.7275	3.6805	400.3535
374682	3.7276	3.6806	400.3542
374722	3.7276	3.6807	400.3551
374763	3.7275	3.6806	400.3543
374832	3.7275	3.6806	400.3544
374843	3.7275	3.6806	400.3541
374883	3.7275	3.6806	400.354
374923	3.7275	3.6806	400.3539
374963	3.7276	3.6806	400.3555
375032	3.7276	3.6805	400.3549
375044	3.7276	3.6806	400.355
375083	3.7276	3.6805	400.3546
375123	3.7276	3.6806	400.3543
375163	3.7276	3.6806	400.3536
375232	3.7275	3.6805	400.3545
375244	3.7275	3.6805	400.3535
375283	3.7276	3.6806	400.3541
375323	3.7276	3.6805	400.3537
375363	3.7275	3.6806	400.3558
375433	3.7275	3.6806	400.3553
375445	3.7275	3.6805	400.3533
375484	3.7275	3.6806	400.3551
375524	3.7276	3.6805	400.3544
375564	3.7276	3.6806	400.3552
375633	3.7275	3.6807	400.3545
375645	3.7275	3.6807	400.3541
375684	3.7275	3.6806	400.3537
375724	3.7275	3.6806	400.3546
375764	3.7275	3.6806	400.3547
375833	3.7275	3.6806	400.3538
375845	3.7275	3.6805	400.3537
375884	3.7276	3.6806	400.3552
375924	3.7275	3.6806	400.3541
375964	3.7276	3.6806	400.3538
376033	3.7275	3.6807	400.3533
376045	3.7275	3.6805	400.3543
376085	3.7276	3.6806	400.354
376125	3.7275	3.6807	400.355
376165	3.7276	3.6806	400.3542
376234	3.7276	3.6806	400.3544
376246	3.7276	3.6806	400.3538
376285	3.7276	3.6806	400.3552
376325	3.7276	3.6806	400.3542
376365	3.7276	3.6806	400.3548
376434	3.7276	3.6806	400.3543
376446	3.7276	3.6806	400.3545
376485	3.7275	3.6806	400.3558
376525	3.7275	3.6806	400.3532
376565	3.7276	3.6807	400.355
376635	3.7276	3.6806	400.3537
376647	3.7276	3.6806	400.3547
376686	3.7275	3.6806	400.3539
376726	3.7276	3.6806	400.3538
376766	3.7275	3.6806	400.3545
376835	3.7276	3.6806	400.3539
376847	3.7276	3.6806	400.3547
376886	3.7276	3.6805	400.3561
376926	3.7276	3.6806	400.354
376966	3.7276	3.6806	400.3531
377035	3.7276	3.6806	400.3549
377047	3.7276	3.6805	400.3544
377086	3.7276	3.6806	400.3547
377126	3.7276	3.6806	400.3539
377166	3.7276	3.6805	400.3536
377235	3.7275	3.6806	400.3537
377247	3.7275	3.6805	400.3528
377287	3.7276	3.6805	400.354
377327	3.7275	3.6806	400.3557
377367	3.7276	3.6806	400.3534
377436	3.7276	3.6805	400.354
377448	3.7276	3.6805	400.3545
377487	3.7276	3.6806	400.3539
377527	3.7276	3.6806	400.3556
377567	3.7276	3.6806	400.3542
377636	3.7275	3.6806	400.354
377648	3.7275	3.6806	400.3531
377687	3.7276	3.6807	400.3537
377729	3.7276	3.6806	400.3548
377767	3.7276	3.6806	400.3551
377837	3.7276	3.6806	400.3549
377849	3.7276	3.6805	400.3546
377888	3.7275	3.6806	400.3542
377928	3.7275	3.6805	400.3551
377968	3.7276	3.6806	400.3549
378037	3.7276	3.6806	400.3544
378049	3.7276	3.6805	400.3539
378088	3.7275	3.6806	400.3535
378128	3.7276	3.6805	400.3536
378168	3.7276	3.6806	400.3536
378239	3.7276	3.6806	400.3555
378249	3.7276	3.6806	400.3542
378288	3.7275	3.6806	400.3549
378328	3.7275	3.6806	400.3532
378369	3.7276	3.6807	400.3546
378438	3.7275	3.6806	400.3549
378450	3.7275	3.6807	400.3535
378489	3.7276	3.6806	400.3538
378529	3.7275	3.6806	400.3548
378569	3.7276	3.6807	400.3546
378638	3.7276	3.6805	400.3553
378650	3.7276	3.6807	400.3548
378689	3.7275	3.6806	400.3544
378729	3.7275	3.6805	400.3537
378769	3.7276	3.6807	400.3534
378838	3.7276	3.6807	400.3545
378851	3.7276	3.6806	400.3545
378889	3.7276	3.6805	400.3551
378929	3.7276	3.6806	400.3535
378970	3.7276	3.6806	400.3542
379039	3.7275	3.6805	400.3543
379051	3.7275	3.6806	400.3543
379090	3.7275	3.6805	400.3534
379130	3.7275	3.6806	400.3543
379170	3.7276	3.6806	400.354
379239	3.7276	3.6805	400.3546
379253	3.7276	3.6806	400.3542
379290	3.7275	3.6807	400.354
379330	3.7274	3.6806	400.3538
379370	3.7275	3.6806	400.3529
379440	3.7276	3.6806	400.3546
379451	3.7276	3.6806	400.354
379490	3.7276	3.6806	400.356
379531	3.7275	3.6806	400.3543
379571	3.7276	3.6806	400.3545
379640	3.7276	3.6805	400.3534
379652	3.7276	3.6807	400.3542
379691	3.7275	3.6805	400.3535
379731	3.7275	3.6806	400.3534
379771	3.7276	3.6806	400.3543
379840	3.7276	3.6806	400.3549
379852	3.7276	3.6806	400.3539
379891	3.7276	3.6806	400.3537
379931	3.7276	3.6806	400.3551
379972	3.7276	3.6807	400.3554
380040	3.7276	3.6805	400.3545
380052	3.7276	3.6805	400.3541
380091	3.7276	3.6806	400.3543
380132	3.7275	3.6806	400.3542
380172	3.7276	3.6807	400.3551
380241	3.7276	3.6807	400.3555
380253	3.7276	3.6806	400.3541
380292	3.7276	3.6806	400.3538
380332	3.7275	3.6806	400.3538
380372	3.7276	3.6806	400.3538
380441	3.7275	3.6806	400.3534
380453	3.7275	3.6806	400.3542
380492	3.7276	3.6806	400.3531
380532	3.7276	3.6806	400.3548
380572	3.7275	3.6806	400.353
380641	3.7276	3.6807	400.3551
380653	3.7276	3.6806	400.3538
380693	3.7276	3.6806	400.3543
380733	3.7276	3.6806	400.3552
380773	3.7275	3.6806	400.3549
380842	3.7276	3.6806	400.3542
380854	3.7276	3.6806	400.3553
380893	3.7274	3.6806	400.3543
380933	3.7275	3.6806	400.3539
380973	3.7275	3.6806	400.3532
381042	3.7275	3.6806	400.354
381054	3.7275	3.6806	400.3536
381093	3.7276	3.6806	400.3538
381133	3.7276	3.6806	400.3544
381174	3.7275	3.6806	400.3535
381243	3.7275	3.6806	400.3546
381255	3.7275	3.6806	400.3544
381297	3.7276	3.6806	400.3534
381334	3.7276	3.6807	400.3553
381374	3.7275	3.6806	400.3546
381443	3.7275	3.6806	400.3538
381455	3.7275	3.6806	400.3537
381494	3.7276	3.6806	400.3541
381534	3.7275	3.6805	400.3546
381574	3.7276	3.6805	400.3545
381643	3.7276	3.6806	400.3538
381655	3.7276	3.6805	400.3538
381694	3.7275	3.6806	400.3525
381735	3.7276	3.6806	400.3527
381775	3.7276	3.6805	400.3542
381844	3.7276	3.6806	400.3533
381856	3.7276	3.6806	400.354
381895	3.7276	3.6806	400.3538
381935	3.7276	3.6806	400.354
381975	3.7275	3.6806	400.3543
382044	3.7276	3.6805	400.3537
382056	3.7276	3.6805	400.3533
382095	3.7276	3.6807	400.3542
382135	3.7276	3.6806	400.3548
382175	3.7275	3.6807	400.3542
382244	3.7275	3.6806	400.3528
382256	3.7275	3.6806	400.3537
382295	3.7276	3.6806	400.3537
382336	3.7276	3.6806	400.3557
382376	3.7276	3.6806	400.3546
382445	3.7276	3.6806	400.3549
382457	3.7276	3.6806	400.3548
382496	3.7275	3.6806	400.3532
382536	3.7276	3.6806	400.3545
382576	3.7275	3.6807	400.3545
382645	3.7276	3.6806	400.356
382657	3.7276	3.6805	400.3542
382696	3.7276	3.6806	400.3542
382736	3.7276	3.6806	400.3547
382776	3.7276	3.6807	400.3544
382845	3.7274	3.6806	400.3545
382857	3.7274	3.6806	400.3546
382897	3.7275	3.6806	400.3539
382937	3.7275	3.6806	400.3547
382977	3.7275	3.6806	400.3547
383046	3.7276	3.6807	400.355
383058	3.7276	3.6807	400.3548
383097	3.7275	3.6806	400.354
383137	3.7275	3.6806	400.3535
383177	3.7276	3.6806	400.3543
383246	3.7275	3.6806	400.3537
383258	3.7275	3.6806	400.3534
383297	3.7276	3.6806	400.3535
383339	3.7277	3.6805	400.3552
383378	3.7276	3.6806	400.3544
383447	3.7276	3.6806	400.3547
383459	3.7276	3.6806	400.3534
383498	3.7275	3.6807	400.355
383538	3.7275	3.6806	400.3538
383578	3.7276	3.6806	400.355
383647	3.7276	3.6806	400.3546
383659	3.7276	3.6806	400.3547
383698	3.7276	3.6805	400.3539
383738	3.7276	3.6806	400.3533
383778	3.7276	3.6807	400.3543
383847	3.7275	3.6805	400.3536
383859	3.7275	3.6807	400.3538
383898	3.7275	3.6806	400.355
383938	3.7275	3.6806	400.3534
383978	3.7276	3.6805	400.3543
384048	3.7276	3.6805	400.3545
384060	3.7276	3.6806	400.3533
384099	3.7275	3.6806	400.3544
384139	3.7275	3.6806	400.3543
384179	3.7275	3.6806	400.3544
384248	3.7276	3.6806	400.3542
384260	3.7276	3.6806	400.3547
384299	3.7275	3.6806	400.3537
384339	3.7275	3.6806	400.3541
384379	3.7276	3.6807	400.3552
384449	3.7276	3.6806	400.3541
384460	3.7276	3.6805	400.3535
384500	3.7276	3.6806	400.3547
384540	3.7275	3.6807	400.3537
384580	3.7276	3.6806	400.3556
384649	3.7275	3.6806	400.3537
384661	3.7275	3.6806	400.3547
384700	3.7276	3.6806	400.3536
384740	3.7275	3.6806	400.3539
384780	3.7275	3.6805	400.3553
384849	3.7275	3.6805	400.3547
384861	3.7275	3.6806	400.3539
384900	3.7275	3.6806	400.3538
384940	3.7275	3.6807	400.3538
384980	3.7276	3.6806	400.3547
385049	3.7276	3.6806	400.3551
385061	3.7276	3.6807	400.3553
385101	3.7276	3.6806	400.3547
385141	3.7275	3.6806	400.3543
385181	3.7275	3.6806	400.354
385250	3.7275	3.6806	400.3559
385262	3.7275	3.6806	400.3552
385301	3.7275	3.6806	400.3541
385341	3.7275	3.6806	400.3552
385381	3.7275	3.6805	400.3551
385450	3.7276	3.6806	400.355
385462	3.7276	3.6806	400.3544
385501	3.7275	3.6806	400.3553
385541	3.7275	3.6806	400.355
385581	3.7275	3.6807	400.3541
385650	3.7275	3.6806	400.3551
385662	3.7275	3.6806	400.3554
385701	3.7276	3.6806	400.354
385741	3.7275	3.6805	400.3546
385782	3.7275	3.6806	400.3542
385851	3.7276	3.6805	400.355
385863	3.7276	3.6806	400.3539
385902	3.7275	3.6806	400.3543
385942	3.7275	3.6805	400.3557
385982	3.7275	3.6806	400.3545
386051	3.7275	3.6806	400.3546
386063	3.7275	3.6806	400.3544
386102	3.7275	3.6806	400.3542
386142	3.7275	3.6807	400.3532
386182	3.7275	3.6806	400.3543
386251	3.7276	3.6806	400.3539
386263	3.7276	3.6806	400.3534
386302	3.7276	3.6807	400.3533
386342	3.7276	3.6806	400.3536
386383	3.7276	3.6806	400.3536
386452	3.7276	3.6804	400.3549
386464	3.7276	3.6805	400.3536
386503	3.7276	3.6806	400.3537
386543	3.7275	3.6806	400.3558
386583	3.7276	3.6807	400.3545
386652	3.7276	3.6806	400.3543
386664	3.7276	3.6805	400.3528
386703	3.7275	3.6806	400.3545
386743	3.7275	3.6807	400.3555
386783	3.7276	3.6806	400.354
386852	3.7275	3.6805	400.3537
386864	3.7275	3.6806	400.3542
386903	3.7276	3.6806	400.3541
386943	3.7276	3.6806	400.3543
386984	3.7275	3.6805	400.3533
387053	3.7275	3.6805	400.354
387065	3.7275	3.6805	400.354
387104	3.7275	3.6806	400.3544
387144	3.7275	3.6805	400.3525
387184	3.7276	3.6805	400.3545
387253	3.7276	3.6806	400.3541
387265	3.7276	3.6806	400.3538
387304	3.7275	3.6806	400.3546
387344	3.7275	3.6806	400.3549
387387	3.7276	3.6806	400.3548
387453	3.7275	3.6806	400.354
387465	3.7275	3.6806	400.3543
387504	3.7276	3.6806	400.3538
387545	3.7277	3.6806	400.3544
387585	3.7276	3.6806	400.3551
387654	3.7275	3.6807	400.356
387666	3.7275	3.6806	400.3544
387705	3.7276	3.6806	400.3541
387745	3.7276	3.6806	400.3541
387785	3.7275	3.6806	400.3538
387854	3.7276	3.6806	400.3547
387866	3.7276	3.6806	400.354
387905	3.7276	3.6806	400.3555
387945	3.7275	3.6806	400.3536
387985	3.7275	3.6806	400.3553
388054	3.7275	3.6806	400.3535
388066	3.7275	3.6806	400.3537
388106	3.7275	3.6806	400.3549
388145	3.7275	3.6806	400.3542
388186	3.7275	3.6806	400.3533
388255	3.7276	3.6806	400.355
388267	3.7276	3.6806	400.3539
388306	3.7275	3.6806	400.3548
388346	3.7275	3.6806	400.3544
388386	3.7276	3.6806	400.3545
388455	3.7275	3.6806	400.3547
388467	3.7275	3.6806	400.3543
388506	3.7276	3.6806	400.3532
388546	3.7275	3.6806	400.3545
388586	3.7275	3.6806	400.3551
388655	3.7277	3.6806	400.3547
388667	3.7277	3.6806	400.3544
388706	3.7275	3.6807	400.354
388746	3.7275	3.6806	400.3534
388787	3.7275	3.6805	400.3542
388856	3.7275	3.6806	400.3528
388868	3.7275	3.6806	400.3529
388907	3.7275	3.6806	400.3547
388947	3.7275	3.6807	400.3547
388987	3.7276	3.6806	400.3535
389056	3.7275	3.6806	400.3543
389068	3.7275	3.6805	400.3534
389107	3.7276	3.6806	400.3539
389147	3.7275	3.6806	400.3536
389187	3.7275	3.6806	400.3554
389256	3.7276	3.6806	400.354
389268	3.7276	3.6806	400.3542
389307	3.7276	3.6806	400.3542
389347	3.7275	3.6807	400.3552
389388	3.7275	3.6806	400.354
389457	3.7276	3.6806	400.3545
389469	3.7276	3.6806	400.3542
389508	3.7276	3.6806	400.3547
389548	3.7276	3.6806	400.3542
389588	3.7276	3.6807	400.3552
389657	3.7276	3.6806	400.3537
389669	3.7276	3.6806	400.3546
389708	3.7275	3.6806	400.3538
389748	3.7275	3.6807	400.3543
389788	3.7276	3.6806	400.354
389857	3.7275	3.6806	400.3551
389869	3.7275	3.6806	400.3543
389908	3.7275	3.6806	400.3539