timestamp	x	y	z	scale
389951	-0.029999999999999805	-0.029999999999999805	0.05999999999999961	4
390050	-0.06999999999999984	-0.020000000000000018	-0.029999999999999805	4
390150	-0.020000000000000018	-0.020000000000000018	0.03000000000000025	4
390251	-0.06000000000000005	-0.020000000000000018	0.04999999999999982	4
390351	-0.040000000000000036	-0.040000000000000036	0.009999999999999787	4
390488	-0.020000000000000018	-0.009999999999999787	-0.009999999999999787	4
390551	-0.040000000000000036	-0.040000000000000036	0.019999999999999574	4
390650	-0.029999999999999805	-0.029999999999999805	0	4
390751	0	-0.040000000000000036	0.019999999999999574	4
390850	-0.04999999999999982	-0.029999999999999805	0.08000000000000007	4
390951	-0.020000000000000018	-0.040000000000000036	0.05999999999999961	4
391051	-0.029999999999999805	-0.040000000000000036	-0.029999999999999805	4
391251	-0.06000000000000005	-0.029999999999999805	0.040000000000000036	4
391350	-0.009999999999999787	-0.040000000000000036	0.05999999999999961	4
391451	-0.04999999999999982	-0.020000000000000018	-0.040000000000000036	4
391551	-0.020000000000000018	-0.040000000000000036	0.009999999999999787	4
391650	-0.06000000000000005	-0.029999999999999805	0.019999999999999574	4
391750	-0.029999999999999805	-0.020000000000000018	0.04999999999999982	4
391851	-0.020000000000000018	-0.020000000000000018	0.04999999999999982	4
391951	0.009999999999999787	-0.029999999999999805	0.019999999999999574	4
392051	-0.029999999999999805	-0.020000000000000018	-0.020000000000000018	4
392151	-0.04999999999999982	-0.020000000000000018	-0.009999999999999787	4
392251	-0.04999999999999982	-0.029999999999999805	0	4
392351	-0.04999999999999982	-0.020000000000000018	0.04999999999999982	4
392451	-0.04999999999999982	-0.020000000000000018	-0.009999999999999787	4
392551	-0.04999999999999982	-0.029999999999999805	0.05999999999999961	4
392651	-0.040000000000000036	-0.029999999999999805	0	4
392751	-0.040000000000000036	-0.020000000000000018	0.05999999999999961	4
392851	-0.04999999999999982	-0.029999999999999805	0.03000000000000025	4
392951	-0.020000000000000018	-0.020000000000000018	0.08000000000000007	4
393051	-0.029999999999999805	-0.009999999999999787	0.05999999999999961	4
393151	-0.06999999999999984	-0.020000000000000018	0.03000000000000025	4
393251	-0.06000000000000005	-0.020000000000000018	0.03000000000000025	4
393351	-0.040000000000000036	-0.029999999999999805	-0.009999999999999787	4
393451	-0.040000000000000036	-0.029999999999999805	0.009999999999999787	4
393551	-0.029999999999999805	-0.029999999999999805	0.05999999999999961	4
393651	-0.029999999999999805	-0.029999999999999805	0	4
393751	-0.04999999999999982	-0.029999999999999805	0.040000000000000036	4
393851	-0.06999999999999984	-0.029999999999999805	0	4
393951	-0.029999999999999805	-0.020000000000000018	0	4
394051	-0.040000000000000036	-0.029999999999999805	0.019999999999999574	4
394151	-0.020000000000000018	-0.009999999999999787	0.040000000000000036	4
394251	-0.020000000000000018	-0.029999999999999805	0.019999999999999574	4
394351	-0.06000000000000005	-0.020000000000000018	-0.009999999999999787	4
394451	-0.009999999999999787	-0.029999999999999805	-0.04999999999999982	4
394551	-0.029999999999999805	-0.029999999999999805	0.009999999999999787	4
394651	-0.029999999999999805	-0.040000000000000036	0.009999999999999787	4
394751	-0.040000000000000036	-0.029999999999999805	0.03000000000000025	4
394851	-0.06000000000000005	-0.020000000000000018	0.04999999999999982	4
394951	-0.029999999999999805	-0.029999999999999805	-0.009999999999999787	4
395051	-0.020000000000000018	-0.020000000000000018	0.07000000000000028	4
395151	-0.020000000000000018	-0.029999999999999805	-0.009999999999999787	4
395251	-0.029999999999999805	-0.029999999999999805	0.009999999999999787	4
395351	-0.04999999999999982	-0.06000000000000005	0.08000000000000007	4
395451	-0.04999999999999982	-0.06000000000000005	-0.04999999999999982	4
395551	-0.06999999999999984	-0.020000000000000018	-0.020000000000000018	4
395651	-0.04999999999999982	-0.029999999999999805	0.03000000000000025	4
395751	-0.020000000000000018	-0.040000000000000036	0	4
395851	0	-0.040000000000000036	-0.029999999999999805	4
395951	-0.04999999999999982	-0.04999999999999982	0.07000000000000028	4
396051	-0.06000000000000005	-0.029999999999999805	-0.009999999999999787	4
396151	0	-0.04999999999999982	0	4
396251	0	-0.029999999999999805	0	4
396351	0	-0.040000000000000036	0.05999999999999961	4
396451	-0.04999999999999982	-0.020000000000000018	0.05999999999999961	4
396551	-0.029999999999999805	-0.029999999999999805	0.040000000000000036	4
396651	-0.040000000000000036	-0.029999999999999805	0.019999999999999574	4
396751	-0.04999999999999982	-0.040000000000000036	0.07000000000000028	4
396851	-0.040000000000000036	-0.029999999999999805	-0.020000000000000018	4
396951	-0.029999999999999805	-0.040000000000000036	0.009999999999999787	4
397051	0	-0.040000000000000036	-0.009999999999999787	4
397151	-0.020000000000000018	-0.009999999999999787	0.040000000000000036	4
397251	-0.040000000000000036	-0.020000000000000018	0.040000000000000036	4
397351	-0.009999999999999787	-0.029999999999999805	0.07000000000000028	4
397451	-0.06000000000000005	-0.020000000000000018	0	4
397551	-0.020000000000000018	-0.029999999999999805	0.019999999999999574	4
397651	-0.020000000000000018	-0.040000000000000036	0.08000000000000007	4
397751	-0.009999999999999787	-0.029999999999999805	-0.040000000000000036	4
397851	-0.029999999999999805	-0.029999999999999805	-0.020000000000000018	4
397951	-0.040000000000000036	-0.029999999999999805	0.05999999999999961	4
398051	-0.06000000000000005	-0.020000000000000018	-0.009999999999999787	4
398151	-0.020000000000000018	-0.040000000000000036	0.05999999999999961	4
398251	-0.029999999999999805	-0.029999999999999805	0.07000000000000028	4
398351	-0.04999999999999982	-0.029999999999999805	0.019999999999999574	4
398451	-0.009999999999999787	-0.029999999999999805	0.03000000000000025	4
398551	-0.040000000000000036	-0.020000000000000018	0.08000000000000007	4
398651	-0.029999999999999805	-0.029999999999999805	0.05999999999999961	4
398751	-0.040000000000000036	-0.029999999999999805	0.040000000000000036	4
398851	-0.029999999999999805	-0.020000000000000018	0.09999999999999964	4
398951	-0.06000000000000005	-0.020000000000000018	0.040000000000000036	4
399051	-0.040000000000000036	-0.029999999999999805	0.009999999999999787	4
399151	-0.04999999999999982	-0.040000000000000036	0.040000000000000036	4
399251	-0.06999999999999984	-0.020000000000000018	0.040000000000000036	4
399351	-0.040000000000000036	-0.020000000000000018	0.08999999999999986	4
399451	-0.040000000000000036	-0.029999999999999805	0.009999999999999787	4
399551	-0.029999999999999805	-0.040000000000000036	0.009999999999999787	4
399651	-0.040000000000000036	-0.029999999999999805	0.019999999999999574	4
399751	-0.009999999999999787	-0.040000000000000036	0.03000000000000025	4
399851	-0.009999999999999787	0	0.009999999999999787	4
399951	-0.06000000000000005	-0.029999999999999805	0.009999999999999787	4
400051	-0.04999999999999982	-0.029999999999999805	0.040000000000000036	4
400151	-0.040000000000000036	-0.029999999999999805	-0.020000000000000018	4
400251	-0.029999999999999805	-0.020000000000000018	0.03000000000000025	4
400351	-0.08000000000000007	-0.020000000000000018	0.009999999999999787	4
400451	-0.040000000000000036	-0.020000000000000018	-0.029999999999999805	4
400551	-0.04999999999999982	-0.06000000000000005	0.009999999999999787	4
400651	-0.029999999999999805	0	0.05999999999999961	4
400751	-0.040000000000000036	-0.040000000000000036	-0.020000000000000018	4
400851	-0.04999999999999982	-0.020000000000000018	0.019999999999999574	4
400951	-0.029999999999999805	-0.020000000000000018	0.07000000000000028	4
401051	0	-0.029999999999999805	0.05999999999999961	4
401151	-0.06999999999999984	-0.009999999999999787	0.07000000000000028	4
401251	-0.04999999999999982	-0.020000000000000018	0.03000000000000025	4
401351	-0.04999999999999982	-0.029999999999999805	0.009999999999999787	4
401451	-0.06000000000000005	-0.009999999999999787	0.08000000000000007	4
401551	-0.009999999999999787	-0.040000000000000036	0.03000000000000025	4
401651	-0.029999999999999805	-0.04999999999999982	-0.040000000000000036	4
401751	-0.04999999999999982	-0.020000000000000018	0.07000000000000028	4
401851	-0.009999999999999787	-0.029999999999999805	-0.029999999999999805	4
401951	-0.040000000000000036	-0.029999999999999805	0.03000000000000025	4
402051	-0.029999999999999805	-0.04999999999999982	-0.020000000000000018	4
402151	-0.040000000000000036	-0.029999999999999805	0.040000000000000036	4
402251	-0.04999999999999982	-0.029999999999999805	0.09999999999999964	4
402351	-0.029999999999999805	-0.009999999999999787	-0.009999999999999787	4
402451	-0.020000000000000018	-0.029999999999999805	0.040000000000000036	4
402551	-0.029999999999999805	-0.029999999999999805	0	4
402651	-0.04999999999999982	-0.020000000000000018	0.04999999999999982	4
402751	-0.04999999999999982	0	0.07000000000000028	4
402851	-0.029999999999999805	-0.040000000000000036	0.019999999999999574	4
402951	-0.040000000000000036	-0.020000000000000018	0.040000000000000036	4
403051	-0.040000000000000036	-0.029999999999999805	0	4
403151	-0.040000000000000036	-0.020000000000000018	0	4
403251	-0.040000000000000036	-0.020000000000000018	0.040000000000000036	4
403351	-0.029999999999999805	-0.040000000000000036	-0.009999999999999787	4
403451	-0.029999999999999805	-0.020000000000000018	0.040000000000000036	4
403551	-0.04999999999999982	-0.040000000000000036	0	4
403651	-0.04999999999999982	-0.029999999999999805	0.009999999999999787	4
403751	-0.040000000000000036	-0.029999999999999805	0.04999999999999982	4
403851	-0.009999999999999787	-0.029999999999999805	0.019999999999999574	4
403951	-0.029999999999999805	0	0.07000000000000028	4
404051	-0.04999999999999982	-0.029999999999999805	0.03000000000000025	4
404151	-0.029999999999999805	-0.020000000000000018	0.019999999999999574	4
404251	-0.009999999999999787	-0.029999999999999805	0.05999999999999961	4
404351	-0.04999999999999982	-0.020000000000000018	0.04999999999999982	4
404451	-0.020000000000000018	-0.029999999999999805	0.019999999999999574	4
404551	-0.04999999999999982	-0.029999999999999805	0.019999999999999574	4
404651	-0.06000000000000005	-0.020000000000000018	0.040000000000000036	4
404751	-0.040000000000000036	-0.020000000000000018	0.019999999999999574	4
404851	-0.04999999999999982	-0.020000000000000018	-0.040000000000000036	4
404951	-0.040000000000000036	-0.020000000000000018	0.019999999999999574	4
405051	-0.06000000000000005	-0.029999999999999805	0.04999999999999982	4
405151	-0.06000000000000005	-0.029999999999999805	-0.029999999999999805	4
405251	0	-0.040000000000000036	0.07000000000000028	4
405451	-0.06999999999999984	-0.020000000000000018	0.04999999999999982	4
405551	-0.020000000000000018	-0.020000000000000018	0.019999999999999574	4
405651	-0.029999999999999805	-0.029999999999999805	0	4
405751	-0.029999999999999805	-0.029999999999999805	0.019999999999999574	4
405851	-0.06000000000000005	-0.020000000000000018	0.07000000000000028	4
405951	-0.020000000000000018	-0.040000000000000036	0.05999999999999961	4
406051	-0.040000000000000036	-0.020000000000000018	0.019999999999999574	4
406151	-0.020000000000000018	-0.020000000000000018	0.03000000000000025	4
406251	-0.020000000000000018	-0.029999999999999805	0	4
406351	-0.040000000000000036	-0.029999999999999805	0.05999999999999961	4
406451	-0.06000000000000005	-0.029999999999999805	0.08000000000000007	4
406551	-0.040000000000000036	-0.040000000000000036	0.040000000000000036	4
406651	-0.029999999999999805	-0.020000000000000018	0.040000000000000036	4
406751	-0.029999999999999805	-0.029999999999999805	-0.009999999999999787	4
406851	-0.040000000000000036	-0.020000000000000018	0.040000000000000036	4
406951	-0.06999999999999984	-0.029999999999999805	0.05999999999999961	4
407051	-0.040000000000000036	-0.029999999999999805	0.009999999999999787	4
407151	-0.040000000000000036	-0.020000000000000018	0.09999999999999964	4
407251	-0.029999999999999805	-0.04999999999999982	0.019999999999999574	4
407351	-0.040000000000000036	-0.040000000000000036	0.009999999999999787	4
407451	-0.06000000000000005	-0.009999999999999787	0.05999999999999961	4
407551	-0.040000000000000036	-0.040000000000000036	0.040000000000000036	4
407651	-0.029999999999999805	-0.020000000000000018	0.04999999999999982	4
407751	-0.06000000000000005	-0.020000000000000018	0.04999999999999982	4
407851	-0.029999999999999805	-0.009999999999999787	0.03000000000000025	4
407951	-0.020000000000000018	-0.029999999999999805	0.009999999999999787	4
408051	-0.040000000000000036	-0.020000000000000018	0.019999999999999574	4
408151	-0.040000000000000036	-0.020000000000000018	0.05999999999999961	4
408251	0	-0.029999999999999805	0.040000000000000036	4
408351	-0.020000000000000018	-0.020000000000000018	0.05999999999999961	4
408451	-0.020000000000000018	-0.009999999999999787	0.019999999999999574	4
408551	-0.009999999999999787	-0.040000000000000036	-0.009999999999999787	4
408651	-0.04999999999999982	-0.020000000000000018	-0.020000000000000018	4
408751	-0.04999999999999982	-0.020000000000000018	0.04999999999999982	4
408851	-0.029999999999999805	-0.020000000000000018	0.07000000000000028	4
408951	-0.029999999999999805	-0.029999999999999805	0.019999999999999574	4
409051	-0.020000000000000018	-0.029999999999999805	0.019999999999999574	4
409151	0	-0.020000000000000018	0.009999999999999787	4
409251	-0.06000000000000005	-0.020000000000000018	0.03000000000000025	4
409351	-0.029999999999999805	-0.040000000000000036	0.05999999999999961	4
409451	-0.009999999999999787	-0.029999999999999805	0.03000000000000025	4
409551	-0.029999999999999805	-0.020000000000000018	-0.040000000000000036	4
409651	-0.029999999999999805	-0.020000000000000018	0.019999999999999574	4
409751	-0.029999999999999805	-0.029999999999999805	0.08000000000000007	4
409851	-0.06000000000000005	-0.009999999999999787	0.07000000000000028	4
409951	-0.040000000000000036	-0.040000000000000036	-0.020000000000000018	4
410051	-0.04999999999999982	-0.029999999999999805	-0.029999999999999805	4
410151	-0.009999999999999787	-0.04999999999999982	-0.04999999999999982	4
410251	-0.029999999999999805	-0.029999999999999805	-0.020000000000000018	4
410351	-0.020000000000000018	-0.009999999999999787	-0.009999999999999787	4
410451	-0.06000000000000005	-0.029999999999999805	-0.009999999999999787	4
410551	-0.04999999999999982	-0.029999999999999805	-0.029999999999999805	4
410651	-0.08000000000000007	-0.040000000000000036	0.040000000000000036	4
410751	-0.029999999999999805	-0.029999999999999805	-0.020000000000000018	4
410851	-0.06000000000000005	-0.029999999999999805	0.07000000000000028	4
410951	-0.04999999999999982	-0.04999999999999982	-0.009999999999999787	4
411051	-0.020000000000000018	-0.029999999999999805	0.03000000000000025	4
411151	-0.04999999999999982	-0.029999999999999805	-0.040000000000000036	4
411251	-0.06999999999999984	-0.020000000000000018	0.08000000000000007	4
411351	-0.029999999999999805	-0.029999999999999805	0.009999999999999787	4
411451	-0.029999999999999805	-0.04999999999999982	0	4
411551	-0.029999999999999805	-0.06000000000000005	-0.040000000000000036	4
411651	-0.040000000000000036	-0.029999999999999805	-0.020000000000000018	4
411751	-0.06000000000000005	-0.009999999999999787	-0.009999999999999787	4
411851	-0.020000000000000018	-0.040000000000000036	0.040000000000000036	4
411951	0.009999999999999787	-0.009999999999999787	0.040000000000000036	4
412051	-0.029999999999999805	-0.009999999999999787	0.05999999999999961	4
412151	-0.04999999999999982	-0.029999999999999805	-0.009999999999999787	4
412251	-0.06000000000000005	-0.009999999999999787	-0.040000000000000036	4
412351	-0.040000000000000036	-0.04999999999999982	-0.06000000000000005	4
412451	-0.029999999999999805	0	0.04999999999999982	4
412551	-0.040000000000000036	-0.029999999999999805	0.009999999999999787	4
412651	-0.06000000000000005	-0.040000000000000036	0.019999999999999574	4
412751	-0.020000000000000018	-0.040000000000000036	-0.020000000000000018	4
412851	-0.029999999999999805	-0.020000000000000018	0.040000000000000036	4
412951	-0.040000000000000036	-0.029999999999999805	0.03000000000000025	4
413051	-0.06999999999999984	-0.029999999999999805	0.040000000000000036	4
413151	-0.04999999999999982	-0.04999999999999982	0.019999999999999574	4
413251	-0.04999999999999982	-0.020000000000000018	0.03000000000000025	4
413351	-0.040000000000000036	-0.040000000000000036	0.05999999999999961	4
413451	-0.009999999999999787	-0.040000000000000036	0.019999999999999574	4
413551	-0.04999999999999982	-0.029999999999999805	0.05999999999999961	4
413651	-0.020000000000000018	-0.029999999999999805	0.03000000000000025	4
413751	-0.04999999999999982	-0.020000000000000018	0.08000000000000007	4
413851	-0.06000000000000005	-0.029999999999999805	0	4
413951	-0.029999999999999805	-0.020000000000000018	0.04999999999999982	4
414051	-0.040000000000000036	0	-0.029999999999999805	4
414151	-0.009999999999999787	-0.020000000000000018	0.08999999999999986	4
414251	-0.029999999999999805	-0.029999999999999805	0	4
414351	-0.040000000000000036	-0.029999999999999805	0.040000000000000036	4
414451	-0.04999999999999982	-0.04999999999999982	-0.009999999999999787	4
414551	-0.029999999999999805	-0.029999999999999805	0.040000000000000036	4
414751	-0.040000000000000036	-0.020000000000000018	-0.020000000000000018	4
414851	-0.040000000000000036	-0.029999999999999805	0.05999999999999961	4
414951	-0.009999999999999787	-0.020000000000000018	0.019999999999999574	4
415051	-0.029999999999999805	-0.020000000000000018	0.019999999999999574	4
415151	-0.040000000000000036	-0.029999999999999805	0.040000000000000036	4
415251	-0.020000000000000018	-0.040000000000000036	0.009999999999999787	4
415351	-0.009999999999999787	-0.040000000000000036	0.009999999999999787	4
415451	-0.009999999999999787	-0.029999999999999805	0.040000000000000036	4
415551	-0.029999999999999805	-0.029999999999999805	0.04999999999999982	4
415651	-0.06000000000000005	-0.029999999999999805	0	4
415751	-0.009999999999999787	-0.029999999999999805	0.04999999999999982	4
415851	-0.040000000000000036	-0.009999999999999787	0.08999999999999986	4
415951	-0.04999999999999982	-0.040000000000000036	0.05999999999999961	4
416051	-0.029999999999999805	-0.029999999999999805	0	4
416151	-0.06000000000000005	-0.020000000000000018	0.05999999999999961	4
416251	-0.009999999999999787	-0.040000000000000036	0.07000000000000028	4
416351	-0.04999999999999982	-0.040000000000000036	0	4
416451	-0.06000000000000005	-0.040000000000000036	0	4
416551	-0.06000000000000005	-0.020000000000000018	0.05999999999999961	4
416651	-0.020000000000000018	-0.029999999999999805	0.040000000000000036	4
416751	-0.020000000000000018	-0.04999999999999982	-0.020000000000000018	4
416851	-0.009999999999999787	-0.029999999999999805	0.009999999999999787	4
416951	-0.040000000000000036	-0.029999999999999805	-0.029999999999999805	4
417051	-0.06000000000000005	-0.029999999999999805	0	4
417151	-0.040000000000000036	-0.040000000000000036	-0.040000000000000036	4
417251	-0.04999999999999982	-0.029999999999999805	0.040000000000000036	4
417351	-0.009999999999999787	-0.020000000000000018	-0.040000000000000036	4
417451	-0.029999999999999805	-0.029999999999999805	0.08000000000000007	4
417551	-0.029999999999999805	-0.040000000000000036	-0.009999999999999787	4
417651	-0.029999999999999805	-0.020000000000000018	0.009999999999999787	4
417751	-0.020000000000000018	-0.020000000000000018	0.040000000000000036	4
417851	-0.040000000000000036	-0.029999999999999805	-0.029999999999999805	4
417951	-0.06000000000000005	-0.020000000000000018	0.040000000000000036	4
418051	-0.04999999999999982	-0.020000000000000018	0.019999999999999574	4
418151	-0.020000000000000018	-0.029999999999999805	0.009999999999999787	4
418251	-0.06000000000000005	-0.020000000000000018	0.019999999999999574	4
418351	-0.029999999999999805	-0.029999999999999805	-0.009999999999999787	4
418451	-0.040000000000000036	-0.029999999999999805	0.03000000000000025	4
418551	-0.040000000000000036	-0.029999999999999805	0.040000000000000036	4
418651	-0.040000000000000036	-0.009999999999999787	0.08999999999999986	4
418751	-0.06000000000000005	-0.009999999999999787	0.05999999999999961	4
418851	-0.04999999999999982	-0.020000000000000018	0.04999999999999982	4
418951	-0.040000000000000036	-0.06000000000000005	-0.020000000000000018	4
419051	-0.06999999999999984	-0.020000000000000018	0.019999999999999574	4
419151	-0.029999999999999805	-0.029999999999999805	0.03000000000000025	4
419251	-0.04999999999999982	-0.020000000000000018	-0.029999999999999805	4
419351	-0.029999999999999805	-0.029999999999999805	-0.020000000000000018	4
419451	-0.040000000000000036	-0.029999999999999805	0	4
419551	-0.009999999999999787	-0.040000000000000036	0	4
419651	-0.040000000000000036	-0.029999999999999805	0	4
419751	-0.04999999999999982	-0.020000000000000018	0.019999999999999574	4
419851	-0.009999999999999787	-0.040000000000000036	0.05999999999999961	4
419951	-0.06000000000000005	-0.040000000000000036	0.07000000000000028	4
420051	-0.029999999999999805	-0.029999999999999805	0.040000000000000036	4
420151	-0.020000000000000018	-0.029999999999999805	-0.029999999999999805	4
420251	-0.06000000000000005	-0.009999999999999787	-0.029999999999999805	4
420351	-0.040000000000000036	-0.029999999999999805	0.03000000000000025	4
420451	-0.04999999999999982	-0.029999999999999805	-0.029999999999999805	4
420551	-0.020000000000000018	-0.020000000000000018	-0.04999999999999982	4
420651	-0.04999999999999982	-0.040000000000000036	-0.029999999999999805	4
420751	-0.040000000000000036	-0.040000000000000036	-0.009999999999999787	4
420851	-0.020000000000000018	-0.029999999999999805	-0.009999999999999787	4
420951	-0.06000000000000005	-0.029999999999999805	-0.009999999999999787	4
421051	-0.029999999999999805	-0.029999999999999805	0.019999999999999574	4
421151	-0.040000000000000036	-0.009999999999999787	0.04999999999999982	4
421251	-0.04999999999999982	-0.040000000000000036	0.03000000000000025	4
421351	-0.020000000000000018	-0.040000000000000036	0.03000000000000025	4
421451	-0.009999999999999787	-0.029999999999999805	-0.009999999999999787	4
421551	-0.040000000000000036	-0.040000000000000036	0.03000000000000025	4
421651	-0.04999999999999982	-0.040000000000000036	0	4
421751	-0.009999999999999787	-0.020000000000000018	0.04999999999999982	4
421851	0	-0.020000000000000018	0.04999999999999982	4
421951	-0.06000000000000005	-0.029999999999999805	0.09999999999999964	4
422051	-0.029999999999999805	-0.06000000000000005	0.019999999999999574	4
422151	-0.029999999999999805	-0.06000000000000005	0.009999999999999787	4
422251	-0.06000000000000005	-0.029999999999999805	0.040000000000000036	4
422351	-0.029999999999999805	-0.029999999999999805	0.04999999999999982	4
422451	-0.04999999999999982	-0.040000000000000036	0.05999999999999961	4
422551	0	-0.040000000000000036	-0.009999999999999787	4
422651	-0.06000000000000005	-0.020000000000000018	0.07000000000000028	4
422751	-0.06000000000000005	-0.029999999999999805	0.07000000000000028	4
422851	-0.020000000000000018	-0.009999999999999787	0.040000000000000036	4
422951	-0.040000000000000036	-0.04999999999999982	0	4
423051	-0.009999999999999787	-0.040000000000000036	0.040000000000000036	4
423151	-0.029999999999999805	-0.029999999999999805	-0.009999999999999787	4
423251	-0.06999999999999984	-0.020000000000000018	0.019999999999999574	4
423351	-0.06000000000000005	-0.040000000000000036	-0.009999999999999787	4
423451	-0.04999999999999982	-0.040000000000000036	-0.040000000000000036	4
423551	-0.020000000000000018	-0.040000000000000036	0.03000000000000025	4
423651	-0.040000000000000036	-0.020000000000000018	-0.009999999999999787	4
423751	-0.029999999999999805	-0.029999999999999805	0.019999999999999574	4
423851	-0.020000000000000018	-0.029999999999999805	0.019999999999999574	4
423951	-0.040000000000000036	-0.040000000000000036	-0.040000000000000036	4
424051	-0.009999999999999787	-0.029999999999999805	0.019999999999999574	4
424151	-0.04999999999999982	-0.020000000000000018	0.019999999999999574	4
424251	-0.020000000000000018	-0.009999999999999787	-0.029999999999999805	4
424351	-0.020000000000000018	-0.020000000000000018	0	4
424451	-0.009999999999999787	-0.029999999999999805	-0.020000000000000018	4
424551	-0.009999999999999787	-0.029999999999999805	0.03000000000000025	4
424651	-0.04999999999999982	-0.04999999999999982	-0.040000000000000036	4
424751	-0.06000000000000005	-0.029999999999999805	0.05999999999999961	4
424851	-0.029999999999999805	-0.020000000000000018	-0.009999999999999787	4
424951	-0.06000000000000005	-0.020000000000000018	-0.06000000000000005	4
425051	-0.06000000000000005	-0.020000000000000018	0.040000000000000036	4
425151	-0.040000000000000036	-0.020000000000000018	0.05999999999999961	4
425351	-0.020000000000000018	-0.020000000000000018	-0.040000000000000036	4
425451	-0.009999999999999787	-0.040000000000000036	0.03000000000000025	4
425551	-0.040000000000000036	-0.029999999999999805	0.03000000000000025	4
425651	-0.040000000000000036	-0.029999999999999805	-0.009999999999999787	4
425751	0	-0.009999999999999787	0.040000000000000036	4
425851	-0.04999999999999982	-0.020000000000000018	0.03000000000000025	4
425951	-0.020000000000000018	-0.020000000000000018	0.07000000000000028	4
426052	-0.06000000000000005	-0.029999999999999805	0.009999999999999787	4
426151	0.009999999999999787	-0.040000000000000036	-0.029999999999999805	4
426251	-0.009999999999999787	-0.040000000000000036	0	4
426351	-0.029999999999999805	-0.040000000000000036	0.040000000000000036	4
426451	-0.020000000000000018	-0.029999999999999805	-0.04999999999999982	4
426551	-0.04999999999999982	-0.040000000000000036	-0.04999999999999982	4
426651	-0.04999999999999982	-0.020000000000000018	-0.009999999999999787	4
426751	-0.04999999999999982	-0.020000000000000018	0.04999999999999982	4
426851	-0.020000000000000018	-0.029999999999999805	0.04999999999999982	4
426951	-0.009999999999999787	-0.040000000000000036	0	4
427051	-0.029999999999999805	-0.04999999999999982	0	4
427151	0	-0.009999999999999787	0	4
427251	-0.029999999999999805	-0.029999999999999805	0.05999999999999961	4
427351	0	-0.029999999999999805	0.07000000000000028	4
427451	-0.029999999999999805	-0.029999999999999805	0.009999999999999787	4
427551	-0.04999999999999982	-0.020000000000000018	0	4
427651	-0.009999999999999787	-0.029999999999999805	-0.04999999999999982	4
427751	-0.020000000000000018	-0.009999999999999787	0.03000000000000025	4
427851	-0.040000000000000036	-0.040000000000000036	-0.040000000000000036	4
427951	-0.06000000000000005	-0.029999999999999805	0.04999999999999982	4
428051	-0.04999999999999982	-0.029999999999999805	0	4
428151	-0.009999999999999787	-0.040000000000000036	0.04999999999999982	4
428251	-0.04999999999999982	-0.040000000000000036	-0.009999999999999787	4
428351	-0.04999999999999982	-0.020000000000000018	0.04999999999999982	4
428451	-0.06000000000000005	-0.020000000000000018	0.04999999999999982	4
428551	0	0	0.040000000000000036	4
428651	-0.029999999999999805	-0.009999999999999787	0.04999999999999982	4
428751	-0.04999999999999982	-0.020000000000000018	0.04999999999999982	4
428851	-0.040000000000000036	-0.029999999999999805	-0.029999999999999805	4
428951	-0.009999999999999787	-0.040000000000000036	0.08999999999999986	4
429051	-0.04999999999999982	-0.040000000000000036	-0.029999999999999805	4
429151	-0.06000000000000005	-0.020000000000000018	0.04999999999999982	4
429251	-0.06000000000000005	-0.029999999999999805	0.08000000000000007	4
429351	-0.040000000000000036	-0.040000000000000036	-0.009999999999999787	4
429452	-0.009999999999999787	-0.029999999999999805	0	4
429551	-0.040000000000000036	-0.029999999999999805	-0.009999999999999787	4
429651	-0.04999999999999982	-0.020000000000000018	0.009999999999999787	4
429751	-0.009999999999999787	-0.029999999999999805	-0.009999999999999787	4
429852	-0.06000000000000005	-0.040000000000000036	0	4
429951	-0.06000000000000005	-0.029999999999999805	-0.020000000000000018	4
430051	-0.029999999999999805	-0.029999999999999805	0.009999999999999787	4
430151	0	-0.029999999999999805	0.08999999999999986	4
430251	-0.009999999999999787	-0.040000000000000036	-0.020000000000000018	4
430351	-0.029999999999999805	-0.029999999999999805	0.009999999999999787	4
430451	-0.06000000000000005	-0.020000000000000018	0.08999999999999986	4
430552	-0.040000000000000036	-0.020000000000000018	0.07000000000000028	4
430651	0	-0.040000000000000036	0.03000000000000025	4
430751	-0.04999999999999982	-0.009999999999999787	0.05999999999999961	4
430851	-0.040000000000000036	-0.040000000000000036	-0.009999999999999787	4
430952	-0.040000000000000036	0	-0.020000000000000018	4
431051	-0.020000000000000018	-0.020000000000000018	-0.009999999999999787	4
431151	-0.040000000000000036	-0.029999999999999805	0.009999999999999787	4
431251	-0.020000000000000018	-0.029999999999999805	-0.040000000000000036	4
431352	-0.029999999999999805	-0.040000000000000036	0.009999999999999787	4
431451	-0.029999999999999805	-0.029999999999999805	-0.009999999999999787	4
431551	-0.04999999999999982	-0.040000000000000036	-0.009999999999999787	4
431651	-0.020000000000000018	-0.040000000000000036	0.009999999999999787	4
431751	-0.020000000000000018	-0.029999999999999805	-0.020000000000000018	4
431851	-0.06999999999999984	-0.009999999999999787	0.08999999999999986	4
431951	-0.040000000000000036	-0.020000000000000018	0.08000000000000007	4
432052	-0.040000000000000036	-0.06999999999999984	-0.029999999999999805	4
432151	-0.04999999999999982	-0.009999999999999787	0.019999999999999574	4
432251	-0.009999999999999787	-0.020000000000000018	0.040000000000000036	4
432351	-0.040000000000000036	-0.040000000000000036	-0.040000000000000036	4
432452	-0.009999999999999787	-0.040000000000000036	-0.040000000000000036	4
432551	-0.029999999999999805	-0.029999999999999805	0.08999999999999986	4
432651	0	-0.040000000000000036	0.019999999999999574	4
432751	-0.040000000000000036	-0.020000000000000018	0.04999999999999982	4
432852	-0.06000000000000005	-0.009999999999999787	-0.020000000000000018	4
432951	-0.009999999999999787	-0.029999999999999805	0.019999999999999574	4
433051	-0.04999999999999982	-0.020000000000000018	-0.009999999999999787	4
433151	-0.06000000000000005	-0.020000000000000018	0.04999999999999982	4
433252	-0.029999999999999805	-0.020000000000000018	-0.029999999999999805	4
433351	0.009999999999999787	-0.040000000000000036	0.04999999999999982	4
433451	-0.020000000000000018	-0.020000000000000018	-0.009999999999999787	4
433552	-0.020000000000000018	-0.040000000000000036	-0.009999999999999787	4
433651	-0.04999999999999982	-0.029999999999999805	0	4
433751	-0.020000000000000018	-0.020000000000000018	-0.009999999999999787	4
433851	-0.020000000000000018	-0.029999999999999805	-0.020000000000000018	4
433952	-0.04999999999999982	-0.020000000000000018	0.07000000000000028	4
434051	-0.009999999999999787	-0.040000000000000036	0.03000000000000025	4
434151	-0.020000000000000018	-0.009999999999999787	0	4
434251	0	-0.040000000000000036	-0.009999999999999787	4
434352	-0.040000000000000036	-0.020000000000000018	0.07000000000000028	4
434451	-0.029999999999999805	-0.029999999999999805	-0.020000000000000018	4
434551	-0.040000000000000036	-0.029999999999999805	0.05999999999999961	4
434651	-0.029999999999999805	-0.029999999999999805	0.040000000000000036	4
434752	-0.029999999999999805	-0.020000000000000018	-0.009999999999999787	4
434851	-0.029999999999999805	-0.009999999999999787	0.07000000000000028	4
434951	-0.029999999999999805	-0.029999999999999805	0.040000000000000036	4
435051	-0.029999999999999805	-0.029999999999999805	0.009999999999999787	4
435151	-0.040000000000000036	-0.06000000000000005	0	4
435251	-0.06000000000000005	-0.040000000000000036	-0.009999999999999787	4
435452	-0.06000000000000005	-0.020000000000000018	0.009999999999999787	4
435651	-0.020000000000000018	-0.029999999999999805	0.040000000000000036	4
435751	-0.040000000000000036	-0.020000000000000018	0	4
435852	-0.020000000000000018	-0.020000000000000018	0.05999999999999961	4
435951	-0.040000000000000036	0	0.07000000000000028	4
436051	-0.040000000000000036	-0.029999999999999805	0.040000000000000036	4
436151	-0.040000000000000036	-0.040000000000000036	-0.040000000000000036	4
436252	-0.04999999999999982	-0.020000000000000018	0.07000000000000028	4
436351	-0.029999999999999805	-0.029999999999999805	0.07000000000000028	4
436451	-0.009999999999999787	0	0.04999999999999982	4
436551	-0.029999999999999805	-0.029999999999999805	0.08999999999999986	4
436651	-0.029999999999999805	-0.020000000000000018	0.03000000000000025	4
436751	-0.04999999999999982	-0.040000000000000036	0.009999999999999787	4
436851	-0.009999999999999787	-0.040000000000000036	0.04999999999999982	4
436952	-0.04999999999999982	-0.040000000000000036	0	4
437051	-0.029999999999999805	-0.020000000000000018	0.03000000000000025	4
437151	-0.029999999999999805	-0.029999999999999805	0.019999999999999574	4
437251	0	-0.04999999999999982	0.019999999999999574	4
437352	-0.04999999999999982	-0.029999999999999805	0.019999999999999574	4
437451	-0.020000000000000018	-0.029999999999999805	0.05999999999999961	4
437551	-0.04999999999999982	-0.029999999999999805	0.009999999999999787	4
437651	-0.020000000000000018	-0.029999999999999805	0.08999999999999986	4
437752	-0.020000000000000018	-0.029999999999999805	0.08000000000000007	4
437851	-0.009999999999999787	-0.029999999999999805	0.009999999999999787	4
437951	-0.029999999999999805	-0.020000000000000018	0.009999999999999787	4
438051	-0.020000000000000018	-0.040000000000000036	0.040000000000000036	4
438152	-0.04999999999999982	-0.020000000000000018	0.08000000000000007	4
438251	-0.040000000000000036	-0.04999999999999982	0.009999999999999787	4
438351	-0.040000000000000036	-0.020000000000000018	-0.020000000000000018	4
438452	-0.06000000000000005	-0.020000000000000018	-0.020000000000000018	4
438551	-0.009999999999999787	-0.040000000000000036	0.040000000000000036	4
438651	-0.040000000000000036	-0.029999999999999805	0	4
438751	-0.04999999999999982	-0.029999999999999805	0	4
438852	-0.029999999999999805	-0.029999999999999805	-0.020000000000000018	4
438951	-0.04999999999999982	-0.040000000000000036	-0.020000000000000018	4
439051	-0.04999999999999982	-0.04999999999999982	-0.009999999999999787	4
439151	-0.029999999999999805	-0.020000000000000018	-0.020000000000000018	4
439252	-0.029999999999999805	-0.029999999999999805	0.019999999999999574	4
439351	-0.020000000000000018	-0.029999999999999805	-0.009999999999999787	4
439451	-0.04999999999999982	0	0.05999999999999961	4
439551	-0.029999999999999805	-0.029999999999999805	0.019999999999999574	4
439652	-0.040000000000000036	-0.029999999999999805	0.019999999999999574	4
439751	-0.06000000000000005	-0.020000000000000018	-0.009999999999999787	4
439852	-0.020000000000000018	-0.029999999999999805	0	4
439952	-0.009999999999999787	-0.040000000000000036	-0.040000000000000036	4
440051	-0.04999999999999982	-0.040000000000000036	-0.009999999999999787	4
440151	-0.029999999999999805	-0.040000000000000036	0.05999999999999961	4
440251	-0.029999999999999805	-0.04999999999999982	0.009999999999999787	4
440352	-0.06000000000000005	-0.029999999999999805	0.04999999999999982	4
440451	-0.040000000000000036	-0.029999999999999805	-0.04999999999999982	4
440552	-0.009999999999999787	-0.040000000000000036	0.04999999999999982	4
440651	-0.029999999999999805	-0.009999999999999787	0.04999999999999982	4
440752	-0.04999999999999982	-0.040000000000000036	-0.040000000000000036	4
440851	-0.009999999999999787	-0.040000000000000036	0.040000000000000036	4
440951	-0.020000000000000018	-0.029999999999999805	-0.009999999999999787	4
441051	0	-0.029999999999999805	0.040000000000000036	4
441152	-0.009999999999999787	-0.040000000000000036	0.07000000000000028	4
441252	-0.04999999999999982	-0.020000000000000018	0	4
441351	-0.040000000000000036	-0.020000000000000018	0.03000000000000025	4
441452	-0.06000000000000005	-0.020000000000000018	0.08000000000000007	4
441552	-0.029999999999999805	-0.040000000000000036	0.009999999999999787	4
441651	-0.020000000000000018	-0.020000000000000018	0.05999999999999961	4
441751	0	-0.04999999999999982	-0.009999999999999787	4
441852	-0.009999999999999787	-0.040000000000000036	0.04999999999999982	4
441951	0	-0.040000000000000036	-0.020000000000000018	4
442051	-0.06000000000000005	-0.020000000000000018	0.040000000000000036	4
442151	-0.040000000000000036	-0.029999999999999805	-0.009999999999999787	4
442252	-0.009999999999999787	-0.029999999999999805	-0.040000000000000036	4
442351	-0.029999999999999805	-0.029999999999999805	0.03000000000000025	4
442451	-0.06000000000000005	-0.029999999999999805	-0.020000000000000018	4
442551	-0.040000000000000036	-0.029999999999999805	-0.04999999999999982	4
442652	-0.029999999999999805	0	0.019999999999999574	4
442751	-0.029999999999999805	-0.029999999999999805	0.009999999999999787	4
442851	-0.009999999999999787	-0.020000000000000018	0.05999999999999961	4
442952	-0.029999999999999805	-0.040000000000000036	0.040000000000000036	4
443052	-0.029999999999999805	-0.040000000000000036	-0.020000000000000018	4
443151	-0.040000000000000036	-0.040000000000000036	-0.040000000000000036	4
443252	-0.06000000000000005	-0.020000000000000018	0.03000000000000025	4
443352	-0.04999999999999982	-0.020000000000000018	0.07000000000000028	4
443451	-0.009999999999999787	-0.06000000000000005	0.019999999999999574	4
443551	0.009999999999999787	-0.029999999999999805	0	4
443652	-0.029999999999999805	-0.029999999999999805	0.040000000000000036	4
443752	-0.029999999999999805	-0.020000000000000018	0.05999999999999961	4
443852	-0.06999999999999984	-0.04999999999999982	0.009999999999999787	4
443952	-0.040000000000000036	-0.029999999999999805	0.009999999999999787	4
444052	-0.040000000000000036	-0.029999999999999805	-0.020000000000000018	4
444152	-0.029999999999999805	-0.029999999999999805	0.040000000000000036	4
444252	-0.040000000000000036	-0.029999999999999805	0.07000000000000028	4
444352	0.019999999999999574	-0.029999999999999805	0.009999999999999787	4
444452	-0.029999999999999805	-0.040000000000000036	0.019999999999999574	4
444552	-0.040000000000000036	-0.029999999999999805	0.040000000000000036	4
444652	-0.04999999999999982	-0.020000000000000018	-0.040000000000000036	4
444752	-0.020000000000000018	-0.040000000000000036	-0.020000000000000018	4
444852	-0.06000000000000005	-0.020000000000000018	0.03000000000000025	4
444952	-0.04999999999999982	-0.020000000000000018	0.03000000000000025	4
445052	-0.040000000000000036	-0.040000000000000036	0	4
445152	-0.029999999999999805	-0.040000000000000036	0.009999999999999787	4
445252	-0.020000000000000018	-0.009999999999999787	0.07000000000000028	4
445352	-0.009999999999999787	-0.040000000000000036	0.040000000000000036	4
445452	-0.009999999999999787	-0.040000000000000036	-0.009999999999999787	4
445552	-0.009999999999999787	-0.040000000000000036	0.040000000000000036	4
445652	-0.040000000000000036	-0.040000000000000036	0.07000000000000028	4
445752	0	-0.040000000000000036	-0.020000000000000018	4
445852	-0.040000000000000036	-0.029999999999999805	0.040000000000000036	4
445952	-0.020000000000000018	-0.040000000000000036	0	4
446052	-0.040000000000000036	-0.029999999999999805	0.05999999999999961	4
446152	-0.040000000000000036	-0.029999999999999805	0.04999999999999982	4
446252	-0.06000000000000005	-0.029999999999999805	0	4
446352	-0.040000000000000036	-0.020000000000000018	0.03000000000000025	4
446452	-0.04999999999999982	-0.029999999999999805	0.04999999999999982	4
446552	-0.04999999999999982	-0.020000000000000018	-0.04999999999999982	4
446652	-0.040000000000000036	-0.029999999999999805	0.04999999999999982	4
446752	0.019999999999999574	-0.029999999999999805	-0.009999999999999787	4
446852	-0.040000000000000036	-0.029999999999999805	0.040000000000000036	4
446952	-0.020000000000000018	-0.040000000000000036	-0.040000000000000036	4
447052	-0.009999999999999787	-0.04999999999999982	0.03000000000000025	4
447152	-0.029999999999999805	-0.029999999999999805	0.040000000000000036	4
447252	-0.06000000000000005	-0.040000000000000036	0.04999999999999982	4
447352	-0.020000000000000018	-0.040000000000000036	-0.020000000000000018	4
447452	-0.029999999999999805	-0.009999999999999787	0.03000000000000025	4
447552	-0.020000000000000018	-0.009999999999999787	-0.009999999999999787	4
447652	-0.009999999999999787	-0.040000000000000036	0.03000000000000025	4
447752	-0.020000000000000018	-0.029999999999999805	-0.020000000000000018	4
447852	-0.06000000000000005	-0.029999999999999805	0.03000000000000025	4
447952	-0.029999999999999805	0	0.019999999999999574	4
448052	-0.04999999999999982	-0.029999999999999805	0	4
448152	-0.009999999999999787	-0.040000000000000036	-0.020000000000000018	4
448252	-0.040000000000000036	-0.020000000000000018	-0.020000000000000018	4
448352	-0.04999999999999982	-0.040000000000000036	0.08999999999999986	4
448452	-0.009999999999999787	-0.009999999999999787	0.040000000000000036	4
448552	-0.029999999999999805	-0.040000000000000036	-0.009999999999999787	4
448652	-0.029999999999999805	-0.029999999999999805	0.08999999999999986	4
448752	-0.020000000000000018	-0.04999999999999982	0.019999999999999574	4
448852	-0.029999999999999805	-0.029999999999999805	-0.009999999999999787	4
448952	-0.06000000000000005	-0.029999999999999805	0.009999999999999787	4
449052	-0.009999999999999787	-0.040000000000000036	-0.009999999999999787	4
449152	-0.040000000000000036	-0.020000000000000018	0.040000000000000036	4
449252	-0.06000000000000005	-0.020000000000000018	-0.029999999999999805	4
449352	-0.040000000000000036	-0.040000000000000036	-0.020000000000000018	4
449452	-0.020000000000000018	-0.040000000000000036	0.07000000000000028	4
449552	-0.009999999999999787	-0.020000000000000018	-0.04999999999999982	4
449652	0.009999999999999787	-0.029999999999999805	-0.009999999999999787	4
449752	-0.04999999999999982	-0.04999999999999982	0.05999999999999961	4
449852	-0.029999999999999805	-0.04999999999999982	0	4
449952	-0.04999999999999982	-0.029999999999999805	0.009999999999999787	4
450052	-0.029999999999999805	-0.020000000000000018	0.07000000000000028	4
450152	-0.009999999999999787	-0.020000000000000018	0.009999999999999787	4
450252	-0.06000000000000005	-0.029999999999999805	0.04999999999999982	4
450352	0	-0.040000000000000036	-0.040000000000000036	4
450452	-0.040000000000000036	-0.009999999999999787	0.08000000000000007	4
450552	-0.029999999999999805	-0.020000000000000018	-0.029999999999999805	4
450652	-0.029999999999999805	-0.040000000000000036	0.019999999999999574	4
450752	-0.009999999999999787	-0.009999999999999787	0.05999999999999961	4
450852	-0.020000000000000018	-0.040000000000000036	-0.009999999999999787	4
450952	-0.04999999999999982	-0.029999999999999805	0.04999999999999982	4
451052	-0.009999999999999787	-0.040000000000000036	0.04999999999999982	4
451152	-0.020000000000000018	-0.040000000000000036	-0.009999999999999787	4
451252	-0.06000000000000005	-0.020000000000000018	0.08999999999999986	4
451352	-0.040000000000000036	0	-0.009999999999999787	4
451452	-0.06000000000000005	-0.040000000000000036	-0.040000000000000036	4
451552	-0.04999999999999982	-0.04999999999999982	-0.04999999999999982	4
451652	-0.040000000000000036	-0.040000000000000036	-0.009999999999999787	4
451752	-0.029999999999999805	-0.029999999999999805	0.009999999999999787	4
451852	-0.029999999999999805	-0.020000000000000018	0.05999999999999961	4
451952	-0.040000000000000036	-0.029999999999999805	0.08000000000000007	4
452052	-0.029999999999999805	-0.029999999999999805	0.08000000000000007	4
452152	-0.06000000000000005	-0.020000000000000018	0.07000000000000028	4
452252	-0.029999999999999805	0	-0.009999999999999787	4
452352	-0.04999999999999982	-0.040000000000000036	-0.040000000000000036	4
452452	-0.040000000000000036	-0.029999999999999805	0.07000000000000028	4
452552	-0.029999999999999805	-0.029999999999999805	0.04999999999999982	4
452652	-0.009999999999999787	-0.040000000000000036	0.040000000000000036	4
452752	-0.06000000000000005	-0.040000000000000036	0.07000000000000028	4
452852	-0.009999999999999787	-0.029999999999999805	0.009999999999999787	4
452952	-0.06999999999999984	-0.020000000000000018	0.05999999999999961	4
453052	-0.020000000000000018	-0.029999999999999805	0.040000000000000036	4
453152	-0.029999999999999805	-0.020000000000000018	-0.009999999999999787	4
453252	-0.06000000000000005	-0.040000000000000036	-0.009999999999999787	4
453352	-0.020000000000000018	-0.029999999999999805	0.05999999999999961	4
453452	-0.040000000000000036	-0.020000000000000018	0.019999999999999574	4
453552	-0.029999999999999805	-0.029999999999999805	0.03000000000000025	4
453652	-0.040000000000000036	-0.020000000000000018	0.019999999999999574	4
453752	-0.06000000000000005	-0.029999999999999805	0.04999999999999982	4
453852	-0.029999999999999805	-0.040000000000000036	-0.040000000000000036	4
453952	-0.020000000000000018	-0.020000000000000018	0.040000000000000036	4
454052	-0.06999999999999984	-0.020000000000000018	-0.020000000000000018	4
454152	-0.040000000000000036	-0.040000000000000036	0	4
454252	-0.009999999999999787	-0.029999999999999805	0.05999999999999961	4
454352	-0.04999999999999982	-0.029999999999999805	0.08000000000000007	4
454452	-0.020000000000000018	-0.029999999999999805	0.05999999999999961	4
454552	0	-0.040000000000000036	0.04999999999999982	4
454652	-0.06000000000000005	-0.04999999999999982	-0.029999999999999805	4
454752	-0.06000000000000005	-0.029999999999999805	0.040000000000000036	4
454852	-0.040000000000000036	-0.040000000000000036	-0.009999999999999787	4
454952	-0.020000000000000018	-0.029999999999999805	-0.009999999999999787	4
455052	-0.04999999999999982	-0.029999999999999805	0.009999999999999787	4
455152	-0.009999999999999787	-0.029999999999999805	0.03000000000000025	4
455252	-0.06000000000000005	-0.029999999999999805	0.08999999999999986	4
455352	-0.040000000000000036	-0.020000000000000018	0	4
455452	-0.040000000000000036	-0.020000000000000018	0.05999999999999961	4
455552	-0.029999999999999805	-0.020000000000000018	-0.009999999999999787	4
455652	0	-0.029999999999999805	0	4
455752	-0.06000000000000005	-0.040000000000000036	-0.040000000000000036	4
455852	-0.029999999999999805	-0.020000000000000018	0	4
455952	-0.009999999999999787	-0.029999999999999805	-0.040000000000000036	4
456052	-0.009999999999999787	-0.040000000000000036	0.040000000000000036	4
456152	-0.04999999999999982	-0.029999999999999805	0.03000000000000025	4
456252	-0.029999999999999805	-0.020000000000000018	0.040000000000000036	4
456352	-0.029999999999999805	-0.020000000000000018	0.03000000000000025	4
456452	-0.040000000000000036	-0.029999999999999805	0.019999999999999574	4
456552	-0.020000000000000018	-0.020000000000000018	-0.040000000000000036	4
456652	-0.009999999999999787	-0.009999999999999787	0.08000000000000007	4
456752	-0.029999999999999805	-0.04999999999999982	0.019999999999999574	4
456852	-0.020000000000000018	-0.020000000000000018	0.040000000000000036	4
456952	-0.009999999999999787	-0.029999999999999805	0.009999999999999787	4
457052	-0.040000000000000036	-0.040000000000000036	0.08000000000000007	4
457152	-0.040000000000000036	-0.040000000000000036	0.03000000000000025	4
457252	-0.020000000000000018	-0.029999999999999805	0.03000000000000025	4
457352	-0.04999999999999982	-0.040000000000000036	-0.040000000000000036	4
457452	-0.06000000000000005	-0.020000000000000018	0.05999999999999961	4
457552	-0.020000000000000018	-0.020000000000000018	-0.029999999999999805	4
457652	-0.020000000000000018	-0.029999999999999805	-0.040000000000000036	4
457752	-0.040000000000000036	-0.040000000000000036	0.009999999999999787	4
457852	-0.06000000000000005	-0.029999999999999805	-0.009999999999999787	4
457952	-0.029999999999999805	-0.029999999999999805	-0.020000000000000018	4
458052	-0.04999999999999982	-0.029999999999999805	-0.020000000000000018	4
458152	-0.020000000000000018	-0.029999999999999805	-0.020000000000000018	4
458252	-0.06000000000000005	-0.020000000000000018	0.040000000000000036	4
458352	-0.029999999999999805	-0.04999999999999982	0.04999999999999982	4
458452	-0.009999999999999787	-0.029999999999999805	-0.020000000000000018	4
458552	-0.04999999999999982	-0.040000000000000036	-0.009999999999999787	4
458652	-0.020000000000000018	-0.020000000000000018	0.07000000000000028	4
458752	-0.029999999999999805	-0.029999999999999805	0.04999999999999982	4
458852	-0.009999999999999787	-0.029999999999999805	0.05999999999999961	4
458952	-0.020000000000000018	-0.029999999999999805	0.009999999999999787	4
459052	-0.029999999999999805	-0.009999999999999787	0.09999999999999964	4
459152	-0.020000000000000018	-0.040000000000000036	-0.04999999999999982	4
459252	-0.020000000000000018	-0.040000000000000036	0.009999999999999787	4
459352	-0.009999999999999787	-0.040000000000000036	0.08000000000000007	4
459452	-0.020000000000000018	-0.029999999999999805	-0.009999999999999787	4
459552	-0.009999999999999787	-0.040000000000000036	0.040000000000000036	4
459652	-0.040000000000000036	-0.029999999999999805	0.05999999999999961	4
459752	-0.040000000000000036	-0.020000000000000018	-0.009999999999999787	4
459852	-0.009999999999999787	-0.040000000000000036	-0.009999999999999787	4
459952	-0.029999999999999805	-0.040000000000000036	-0.020000000000000018	4
460052	-0.06999999999999984	-0.029999999999999805	0	4
460152	-0.06000000000000005	-0.029999999999999805	-0.009999999999999787	4
460252	-0.029999999999999805	-0.020000000000000018	0.05999999999999961	4
460352	-0.06000000000000005	-0.020000000000000018	0.08000000000000007	4
460452	-0.029999999999999805	-0.029999999999999805	-0.029999999999999805	4
460552	-0.020000000000000018	-0.029999999999999805	0	4
460652	0.009999999999999787	-0.040000000000000036	-0.009999999999999787	4
460752	-0.04999999999999982	-0.020000000000000018	0.09999999999999964	4
460852	-0.04999999999999982	-0.020000000000000018	0.04999999999999982	4
460952	-0.029999999999999805	0	0.07000000000000028	4
461052	-0.040000000000000036	-0.029999999999999805	0.040000000000000036	4
461152	-0.040000000000000036	-0.040000000000000036	0.03000000000000025	4
461252	-0.020000000000000018	-0.040000000000000036	0.08999999999999986	4
461352	-0.020000000000000018	-0.020000000000000018	-0.020000000000000018	4
461452	-0.009999999999999787	-0.029999999999999805	0.040000000000000036	4
461552	-0.020000000000000018	-0.020000000000000018	0.03000000000000025	4
461652	-0.040000000000000036	-0.040000000000000036	0.03000000000000025	4
461752	-0.040000000000000036	-0.040000000000000036	-0.009999999999999787	4
461852	-0.04999999999999982	-0.040000000000000036	-0.009999999999999787	4
461952	0	-0.029999999999999805	0.03000000000000025	4
462052	-0.029999999999999805	-0.029999999999999805	0.08000000000000007	4
462152	-0.06000000000000005	-0.020000000000000018	0.009999999999999787	4
462252	-0.029999999999999805	-0.020000000000000018	0.019999999999999574	4
462352	-0.029999999999999805	-0.040000000000000036	0.07000000000000028	4
462452	-0.009999999999999787	-0.029999999999999805	0.04999999999999982	4
462552	0	-0.040000000000000036	0.040000000000000036	4
462652	-0.029999999999999805	-0.029999999999999805	0.009999999999999787	4
462752	-0.020000000000000018	-0.009999999999999787	0.05999999999999961	4
462852	-0.06000000000000005	-0.020000000000000018	0.07000000000000028	4
462952	-0.040000000000000036	-0.040000000000000036	0.08000000000000007	4
463052	-0.040000000000000036	-0.029999999999999805	0.08999999999999986	4
463152	-0.040000000000000036	-0.029999999999999805	0.09999999999999964	4
463252	-0.009999999999999787	-0.029999999999999805	-0.029999999999999805	4
463352	-0.040000000000000036	-0.020000000000000018	-0.020000000000000018	4
463452	-0.020000000000000018	-0.040000000000000036	0.03000000000000025	4
463552	-0.009999999999999787	-0.040000000000000036	0.04999999999999982	4
463652	-0.009999999999999787	-0.040000000000000036	0.019999999999999574	4
463752	-0.06000000000000005	-0.020000000000000018	0.05999999999999961	4
463852	-0.04999999999999982	-0.020000000000000018	0.040000000000000036	4
463952	-0.040000000000000036	-0.06000000000000005	0.040000000000000036	4
464052	-0.020000000000000018	-0.029999999999999805	0.05999999999999961	4
464152	-0.06999999999999984	-0.009999999999999787	0.08000000000000007	4
464252	-0.009999999999999787	-0.029999999999999805	0.009999999999999787	4
464352	-0.029999999999999805	-0.029999999999999805	0.03000000000000025	4
464452	-0.020000000000000018	-0.04999999999999982	-0.009999999999999787	4
464552	-0.04999999999999982	-0.020000000000000018	0.03000000000000025	4
464652	-0.04999999999999982	-0.020000000000000018	0.040000000000000036	4
464752	-0.06999999999999984	-0.020000000000000018	0.009999999999999787	4
464852	-0.040000000000000036	-0.029999999999999805	0.04999999999999982	4
464952	-0.020000000000000018	-0.020000000000000018	0.08000000000000007	4
465052	-0.009999999999999787	-0.040000000000000036	0	4
465152	-0.029999999999999805	-0.029999999999999805	-0.009999999999999787	4
465252	-0.009999999999999787	-0.020000000000000018	0.04999999999999982	4
465352	-0.020000000000000018	-0.04999999999999982	-0.040000000000000036	4
465452	-0.009999999999999787	-0.029999999999999805	0.08000000000000007	4
465552	-0.020000000000000018	-0.029999999999999805	-0.020000000000000018	4
465652	-0.020000000000000018	-0.029999999999999805	0.03000000000000025	4
465752	-0.020000000000000018	-0.029999999999999805	0.05999999999999961	4
465852	-0.020000000000000018	-0.029999999999999805	0.009999999999999787	4
465952	-0.04999999999999982	-0.040000000000000036	-0.040000000000000036	4
466052	-0.020000000000000018	-0.040000000000000036	-0.04999999999999982	4
466152	-0.04999999999999982	-0.029999999999999805	-0.040000000000000036	4
466252	-0.009999999999999787	-0.040000000000000036	-0.020000000000000018	4
466352	-0.020000000000000018	-0.029999999999999805	-0.029999999999999805	4
466452	-0.020000000000000018	-0.029999999999999805	-0.040000000000000036	4
466552	-0.04999999999999982	-0.020000000000000018	0.04999999999999982	4
466652	-0.020000000000000018	-0.029999999999999805	0.019999999999999574	4
466752	-0.04999999999999982	-0.029999999999999805	-0.029999999999999805	4
466852	-0.020000000000000018	-0.009999999999999787	0.05999999999999961	4
466952	-0.06000000000000005	-0.009999999999999787	-0.009999999999999787	4
467052	-0.029999999999999805	-0.040000000000000036	0.05999999999999961	4
467152	-0.009999999999999787	-0.020000000000000018	0.04999999999999982	4
467252	-0.04999999999999982	-0.020000000000000018	0.03000000000000025	4
467352	-0.040000000000000036	-0.029999999999999805	0.08999999999999986	4
467452	-0.04999999999999982	-0.040000000000000036	0.05999999999999961	4
467552	-0.029999999999999805	-0.020000000000000018	0.019999999999999574	4
467652	-0.06000000000000005	-0.029999999999999805	0.03000000000000025	4
467752	-0.04999999999999982	-0.029999999999999805	0.009999999999999787	4
467852	-0.029999999999999805	-0.040000000000000036	0.019999999999999574	4
467952	-0.029999999999999805	-0.029999999999999805	0.03000000000000025	4
468052	-0.040000000000000036	-0.029999999999999805	-0.009999999999999787	4
468152	-0.06000000000000005	-0.020000000000000018	0.009999999999999787	4
468252	-0.040000000000000036	-0.040000000000000036	0.08000000000000007	4
468352	-0.040000000000000036	-0.029999999999999805	0.05999999999999961	4
468452	0	-0.040000000000000036	-0.020000000000000018	4
468552	-0.009999999999999787	-0.040000000000000036	0	4
468652	-0.04999999999999982	-0.009999999999999787	0.08000000000000007	4
468752	-0.029999999999999805	-0.020000000000000018	-0.009999999999999787	4
468852	-0.029999999999999805	-0.029999999999999805	0	4
468952	-0.06000000000000005	-0.020000000000000018	-0.009999999999999787	4
469052	-0.029999999999999805	-0.029999999999999805	0.009999999999999787	4
469152	-0.04999999999999982	-0.020000000000000018	-0.040000000000000036	4
469252	0	-0.040000000000000036	0.009999999999999787	4
469352	-0.029999999999999805	-0.020000000000000018	-0.040000000000000036	4
469452	-0.020000000000000018	-0.040000000000000036	-0.009999999999999787	4
469552	-0.029999999999999805	-0.020000000000000018	0.019999999999999574	4
469652	-0.020000000000000018	-0.020000000000000018	0.03000000000000025	4
469752	-0.040000000000000036	-0.020000000000000018	0.04999999999999982	4
469852	-0.029999999999999805	-0.04999999999999982	-0.029999999999999805	4
469952	-0.020000000000000018	-0.040000000000000036	0.04999999999999982	4
470052	-0.040000000000000036	-0.040000000000000036	0.04999999999999982	4
470152	-0.04999999999999982	-0.04999999999999982	-0.020000000000000018	4
470252	-0.029999999999999805	-0.020000000000000018	0.019999999999999574	4
470352	-0.04999999999999982	-0.029999999999999805	-0.009999999999999787	4
470452	-0.040000000000000036	-0.029999999999999805	0.019999999999999574	4
470552	-0.009999999999999787	-0.020000000000000018	0.07000000000000028	4
470652	-0.040000000000000036	-0.029999999999999805	0.040000000000000036	4
470752	-0.029999999999999805	-0.029999999999999805	0	4
470852	-0.020000000000000018	-0.029999999999999805	-0.009999999999999787	4
470952	-0.029999999999999805	-0.029999999999999805	0.040000000000000036	4
471052	-0.040000000000000036	-0.040000000000000036	-0.029999999999999805	4
471152	-0.06000000000000005	-0.029999999999999805	0	4
471252	-0.04999999999999982	-0.029999999999999805	0.05999999999999961	4
471352	-0.06000000000000005	-0.06000000000000005	-0.029999999999999805	4
471452	-0.020000000000000018	-0.04999999999999982	-0.029999999999999805	4
471552	-0.06000000000000005	-0.009999999999999787	0.04999999999999982	4
471652	-0.009999999999999787	-0.029999999999999805	0.019999999999999574	4
471752	-0.040000000000000036	-0.029999999999999805	0.03000000000000025	4
471852	-0.06000000000000005	-0.040000000000000036	0.019999999999999574	4
471952	-0.04999999999999982	-0.020000000000000018	0.040000000000000036	4
472052	-0.029999999999999805	-0.009999999999999787	0	4
472152	0	-0.040000000000000036	0.03000000000000025	4
472252	-0.009999999999999787	-0.009999999999999787	0.05999999999999961	4
472352	-0.029999999999999805	-0.020000000000000018	0	4
472452	-0.009999999999999787	-0.040000000000000036	0.019999999999999574	4
472552	-0.040000000000000036	-0.040000000000000036	0.08999999999999986	4
472652	-0.029999999999999805	-0.04999999999999982	-0.020000000000000018	4
472752	-0.029999999999999805	-0.040000000000000036	0	4
472852	-0.04999999999999982	-0.040000000000000036	-0.020000000000000018	4
472952	-0.06000000000000005	-0.04999999999999982	-0.020000000000000018	4
473052	-0.040000000000000036	-0.06000000000000005	-0.009999999999999787	4
473152	-0.04999999999999982	-0.029999999999999805	-0.020000000000000018	4
473252	-0.040000000000000036	-0.040000000000000036	0.009999999999999787	4
473352	-0.06000000000000005	-0.020000000000000018	0.019999999999999574	4
473452	-0.029999999999999805	-0.040000000000000036	0.040000000000000036	4
473552	-0.029999999999999805	-0.040000000000000036	-0.040000000000000036	4
473652	-0.029999999999999805	-0.029999999999999805	-0.029999999999999805	4
473752	-0.040000000000000036	-0.029999999999999805	-0.020000000000000018	4
473852	-0.020000000000000018	-0.040000000000000036	-0.009999999999999787	4
473952	-0.04999999999999982	-0.029999999999999805	0.009999999999999787	4
474052	-0.040000000000000036	-0.04999999999999982	0.009999999999999787	4
474152	-0.020000000000000018	-0.04999999999999982	-0.040000000000000036	4
474252	-0.06999999999999984	-0.029999999999999805	-0.009999999999999787	4
474352	-0.040000000000000036	-0.029999999999999805	0.08000000000000007	4
474452	-0.029999999999999805	-0.020000000000000018	-0.020000000000000018	4
474552	-0.04999999999999982	-0.020000000000000018	0.009999999999999787	4
474652	-0.009999999999999787	-0.040000000000000036	0.040000000000000036	4
474752	-0.009999999999999787	-0.040000000000000036	0.009999999999999787	4
474852	-0.04999999999999982	-0.029999999999999805	0.03000000000000025	4
474952	-0.009999999999999787	-0.040000000000000036	-0.020000000000000018	4
475052	-0.029999999999999805	-0.020000000000000018	0.03000000000000025	4
475152	-0.04999999999999982	-0.020000000000000018	-0.009999999999999787	4
475252	-0.040000000000000036	-0.020000000000000018	0.08000000000000007	4
475352	-0.06000000000000005	-0.029999999999999805	-0.009999999999999787	4
475452	-0.04999999999999982	-0.029999999999999805	0.040000000000000036	4
475552	-0.06000000000000005	-0.029999999999999805	-0.040000000000000036	4
475652	-0.06000000000000005	-0.06000000000000005	-0.040000000000000036	4
475752	-0.029999999999999805	-0.029999999999999805	0.05999999999999961	4
475852	-0.06000000000000005	-0.029999999999999805	-0.020000000000000018	4
475952	-0.029999999999999805	-0.029999999999999805	-0.020000000000000018	4
476052	-0.04999999999999982	-0.029999999999999805	-0.040000000000000036	4
476152	-0.04999999999999982	-0.040000000000000036	-0.020000000000000018	4
476252	-0.020000000000000018	-0.029999999999999805	0.05999999999999961	4
476452	-0.020000000000000018	-0.009999999999999787	0.019999999999999574	4
476552	-0.029999999999999805	-0.029999999999999805	0	4
476652	-0.009999999999999787	-0.040000000000000036	0	4
476752	-0.020000000000000018	-0.029999999999999805	0.009999999999999787	4
476852	-0.029999999999999805	-0.020000000000000018	0.040000000000000036	4
477052	-0.009999999999999787	-0.04999999999999982	0.08000000000000007	4
477152	-0.029999999999999805	-0.040000000000000036	0.009999999999999787	4
477252	-0.020000000000000018	-0.029999999999999805	0	4
477352	-0.06000000000000005	-0.020000000000000018	0.04999999999999982	4
477452	-0.020000000000000018	-0.029999999999999805	0.08000000000000007	4
477552	-0.04999999999999982	-0.04999999999999982	0.08000000000000007	4
477652	-0.06999999999999984	-0.029999999999999805	0.07000000000000028	4
477752	-0.020000000000000018	-0.040000000000000036	0.04999999999999982	4
477852	-0.020000000000000018	-0.029999999999999805	0.04999999999999982	4
477952	-0.029999999999999805	-0.029999999999999805	0.03000000000000025	4
478052	-0.040000000000000036	-0.029999999999999805	0	4
478152	-0.06999999999999984	-0.020000000000000018	0.05999999999999961	4
478252	-0.009999999999999787	-0.029999999999999805	-0.009999999999999787	4
478352	-0.06000000000000005	-0.029999999999999805	0.03000000000000025	4
478452	-0.020000000000000018	-0.04999999999999982	-0.009999999999999787	4
478552	-0.040000000000000036	-0.029999999999999805	-0.009999999999999787	4
478652	-0.04999999999999982	-0.009999999999999787	0	4
478752	-0.029999999999999805	-0.029999999999999805	0	4
478852	-0.040000000000000036	-0.029999999999999805	0.03000000000000025	4
478952	-0.020000000000000018	-0.029999999999999805	-0.020000000000000018	4
479052	-0.020000000000000018	-0.020000000000000018	0.009999999999999787	4
479152	-0.04999999999999982	-0.029999999999999805	0.07000000000000028	4
479252	-0.029999999999999805	-0.040000000000000036	0.05999999999999961	4
479352	-0.029999999999999805	-0.04999999999999982	0.009999999999999787	4
479452	-0.040000000000000036	-0.020000000000000018	0.07000000000000028	4
479552	-0.029999999999999805	-0.029999999999999805	0.009999999999999787	4
479652	-0.040000000000000036	-0.020000000000000018	0.009999999999999787	4
479752	-0.040000000000000036	-0.029999999999999805	0.04999999999999982	4
479853	-0.020000000000000018	-0.04999999999999982	-0.040000000000000036	4
479952	-0.029999999999999805	-0.029999999999999805	0.009999999999999787	4
480052	-0.020000000000000018	-0.040000000000000036	0.03000000000000025	4
480152	-0.029999999999999805	-0.040000000000000036	0	4
480252	-0.029999999999999805	-0.020000000000000018	0.08000000000000007	4
480352	-0.040000000000000036	-0.029999999999999805	0.04999999999999982	4
480452	-0.04999999999999982	-0.040000000000000036	0.04999999999999982	4
480552	-0.020000000000000018	-0.040000000000000036	-0.020000000000000018	4
480652	-0.04999999999999982	-0.029999999999999805	0.04999999999999982	4
480752	-0.040000000000000036	-0.040000000000000036	0.04999999999999982	4
480852	-0.040000000000000036	-0.04999999999999982	0	4
480952	-0.06000000000000005	-0.009999999999999787	0.07000000000000028	4
481052	-0.04999999999999982	-0.029999999999999805	0.08000000000000007	4
481152	0	-0.04999999999999982	0	4
481252	-0.06000000000000005	-0.06000000000000005	-0.040000000000000036	4
481352	-0.009999999999999787	-0.029999999999999805	-0.009999999999999787	4
481452	-0.029999999999999805	-0.020000000000000018	0.04999999999999982	4
481552	-0.04999999999999982	-0.020000000000000018	0	4
481652	-0.029999999999999805	-0.040000000000000036	0	4
481752	-0.040000000000000036	-0.040000000000000036	0.04999999999999982	4
481852	-0.029999999999999805	-0.029999999999999805	-0.020000000000000018	4
481952	-0.020000000000000018	-0.029999999999999805	0.05999999999999961	4
482052	-0.04999999999999982	-0.040000000000000036	0	4
482153	-0.04999999999999982	-0.040000000000000036	-0.020000000000000018	4
482252	-0.06000000000000005	-0.009999999999999787	0.04999999999999982	4
482352	-0.009999999999999787	-0.029999999999999805	0	4
482452	-0.06000000000000005	-0.040000000000000036	0.009999999999999787	4
482553	-0.009999999999999787	-0.009999999999999787	0.08000000000000007	4
482652	-0.04999999999999982	-0.029999999999999805	-0.009999999999999787	4
482752	-0.029999999999999805	-0.029999999999999805	0.07000000000000028	4
482853	-0.04999999999999982	-0.029999999999999805	0.07000000000000028	4
482952	-0.06999999999999984	-0.04999999999999982	0.009999999999999787	4
483052	-0.029999999999999805	-0.029999999999999805	0.009999999999999787	4
483152	-0.029999999999999805	-0.020000000000000018	0.019999999999999574	4
483253	-0.029999999999999805	-0.029999999999999805	0.03000000000000025	4
483352	-0.04999999999999982	-0.029999999999999805	0.08000000000000007	4
483452	-0.029999999999999805	-0.029999999999999805	0.07000000000000028	4
483552	-0.009999999999999787	-0.029999999999999805	0.04999999999999982	4
483653	-0.020000000000000018	-0.040000000000000036	0.04999999999999982	4
483752	-0.04999999999999982	-0.020000000000000018	0.019999999999999574	4
483852	-0.020000000000000018	-0.029999999999999805	0.03000000000000025	4
483953	-0.029999999999999805	-0.040000000000000036	-0.040000000000000036	4
484052	-0.020000000000000018	-0.040000000000000036	0.07000000000000028	4
484152	-0.04999999999999982	-0.029999999999999805	0	4
484252	-0.06000000000000005	-0.029999999999999805	-0.009999999999999787	4
484353	-0.04999999999999982	-0.029999999999999805	-0.040000000000000036	4
484452	-0.04999999999999982	-0.040000000000000036	0.07000000000000028	4
484552	0	-0.04999999999999982	0.05999999999999961	4
484652	0	-0.040000000000000036	-0.040000000000000036	4
484753	-0.009999999999999787	-0.040000000000000036	0.009999999999999787	4
484852	-0.029999999999999805	-0.029999999999999805	0.019999999999999574	4
484952	-0.04999999999999982	-0.04999999999999982	-0.009999999999999787	4
485052	-0.06999999999999984	-0.029999999999999805	0	4
485153	-0.020000000000000018	-0.040000000000000036	0.04999999999999982	4
485252	-0.04999999999999982	-0.020000000000000018	0.019999999999999574	4
485352	-0.04999999999999982	-0.029999999999999805	-0.029999999999999805	4
485452	0	-0.029999999999999805	0	4
485553	-0.020000000000000018	-0.040000000000000036	0	4
485652	-0.020000000000000018	-0.040000000000000036	0.07000000000000028	4
485752	-0.020000000000000018	-0.029999999999999805	-0.020000000000000018	4
485853	-0.06000000000000005	-0.029999999999999805	0.07000000000000028	4
485952	-0.009999999999999787	-0.040000000000000036	-0.040000000000000036	4
486052	-0.06999999999999984	-0.040000000000000036	-0.020000000000000018	4
486152	-0.06000000000000005	-0.029999999999999805	-0.029999999999999805	4
486253	-0.040000000000000036	-0.040000000000000036	-0.029999999999999805	4
486352	-0.020000000000000018	-0.040000000000000036	-0.040000000000000036	4
486452	-0.029999999999999805	-0.029999999999999805	-0.009999999999999787	4
486552	-0.040000000000000036	-0.029999999999999805	0.04999999999999982	4
486653	-0.020000000000000018	-0.029999999999999805	0.009999999999999787	4
486752	-0.040000000000000036	-0.020000000000000018	0.04999999999999982	4
486852	-0.040000000000000036	-0.029999999999999805	0.009999999999999787	4
486952	-0.020000000000000018	-0.04999999999999982	0.009999999999999787	4
487053	-0.06000000000000005	-0.020000000000000018	0.08000000000000007	4
487152	-0.020000000000000018	-0.029999999999999805	0.040000000000000036	4
487252	-0.029999999999999805	-0.040000000000000036	-0.020000000000000018	4
487353	0	-0.020000000000000018	0.040000000000000036	4
487452	0	-0.040000000000000036	-0.020000000000000018	4
487552	-0.020000000000000018	-0.04999999999999982	-0.040000000000000036	4
487652	0	-0.029999999999999805	0.05999999999999961	4
487753	-0.029999999999999805	-0.029999999999999805	0.05999999999999961	4
487852	-0.04999999999999982	-0.04999999999999982	0.019999999999999574	4
487952	-0.029999999999999805	-0.029999999999999805	0.04999999999999982	4
488052	-0.04999999999999982	-0.029999999999999805	0.05999999999999961	4
488153	-0.029999999999999805	-0.040000000000000036	0.05999999999999961	4
488252	-0.029999999999999805	-0.029999999999999805	0.019999999999999574	4
488352	-0.04999999999999982	-0.020000000000000018	0.03000000000000025	4
488452	-0.06000000000000005	-0.040000000000000036	0.019999999999999574	4
488553	-0.040000000000000036	-0.029999999999999805	0.009999999999999787	4
488652	-0.020000000000000018	-0.040000000000000036	-0.040000000000000036	4
488752	-0.04999999999999982	-0.04999999999999982	0.07000000000000028	4
488852	-0.009999999999999787	-0.040000000000000036	0	4
488952	-0.04999999999999982	-0.029999999999999805	0.03000000000000025	4
489052	-0.040000000000000036	-0.04999999999999982	0.07000000000000028	4
489152	-0.040000000000000036	-0.020000000000000018	-0.04999999999999982	4
489253	-0.040000000000000036	-0.009999999999999787	0.08999999999999986	4
489352	-0.06000000000000005	-0.029999999999999805	0.009999999999999787	4
489452	-0.009999999999999787	-0.029999999999999805	0.009999999999999787	4
489552	-0.029999999999999805	-0.04999999999999982	0.009999999999999787	4
489653	-0.029999999999999805	-0.029999999999999805	-0.009999999999999787	4
489752	-0.040000000000000036	-0.029999999999999805	-0.009999999999999787	4
489852	-0.06000000000000005	-0.020000000000000018	-0.040000000000000036	4
489952	-0.06000000000000005	-0.020000000000000018	-0.020000000000000018	4
490053	-0.029999999999999805	-0.029999999999999805	0.019999999999999574	4
490152	-0.029999999999999805	-0.029999999999999805	0.03000000000000025	4
490252	-0.029999999999999805	-0.040000000000000036	0.03000000000000025	4
490352	-0.040000000000000036	-0.040000000000000036	-0.029999999999999805	4
490453	-0.04999999999999982	-0.040000000000000036	-0.029999999999999805	4
490552	-0.020000000000000018	-0.029999999999999805	0.05999999999999961	4