timestamp	value
3434415	83
3434444	84
3434474	84
3434504	83
3434534	83
3434564	83
3434594	83
3434624	84
3434654	84
3434685	82
3434714	83
3434744	82
3434774	84
3434804	83
3434835	83
3434865	85
3434894	84
3434951	84
3434955	82
3434984	83
3435015	84
3435044	84
3435075	83
3435104	82
3435135	83
3435165	83
3435194	84
3435225	83
3435255	82
3435285	83
3435315	83
3435344	83
3435375	83
3435405	83
3435435	83
3435465	83
3435495	84
3435525	83
3435555	84
3435585	84
3435615	83
3435645	83
3435675	83
3435704	84
3435735	83
3435764	83
3435794	83
3435825	84
3435855	83
3435885	82
3435915	83
3435945	83
3435975	82
3436004	83
3436035	82
3436065	83
3436094	84
3436125	83
3436155	83
3436185	83
3436215	84
3436245	83
3436275	82
3436304	84
3436335	83
3436365	83
3436394	84
3436425	83
3436455	83
3436485	83
3436515	83
3436545	83
3436575	83
3436605	84
3436635	83
3436665	83
3436694	83
3436725	83
3436755	84
3436785	83
3436815	82
3436845	83
3436875	83
3436905	83
3436935	83
3436965	82
3436995	82
3437025	84
3437055	83
3437085	83
3437115	83
3437145	83
3437175	84
3437205	82
3437235	84
3437265	84
3437295	84
3437325	83
3437355	83
3437385	84
3437415	83
3437445	84
3437475	84
3437505	83
3437535	83
3437565	83
3437595	82
3437625	83
3437655	82
3437685	83
3437715	84
3437745	84
3437775	84
3437805	82
3437835	82
3437865	83
3437895	83
3437925	83
3437955	83
3437985	84
3438015	83
3438045	83
3438075	82
3438105	83
3438135	81
3438165	83
3438195	83
3438225	84
3438255	84
3438285	83
3438315	84
3438345	83
3438375	84
3438405	83
3438435	84
3438465	83
3438495	83
3438525	83
3438555	84
3438585	84
3438615	84
3438645	83
3438675	83
3438705	83
3438735	83
3438765	83
3438795	83
3438825	85
3438855	83
3438885	83
3438915	84
3438945	83
3438975	83
3439005	84
3439035	84
3439065	83
3439095	83
3439125	83
3439155	84
3439185	83
3439215	83
3439245	83
3439275	83
3439305	83
3439335	83
3439365	83
3439395	84
3439425	83
3439455	83
3439485	85
3439515	83
3439545	84
3439575	83
3439605	83
3439635	83
3439665	83
3439695	84
3439725	84
3439755	84
3439785	83
3439815	83
3439845	82
3439875	83
3439905	84
3439935	83
3439965	82
3439995	83
3440025	83
3440055	82
3440085	83
3440115	84
3440145	84
3440175	83
3440205	84
3440235	83
3440265	84
3440295	83
3440325	84
3440355	84
3440385	83
3440415	83
3440445	83
3440475	82
3440505	83
3440535	83
3440565	83
3440595	83
3440625	82
3440655	83
3440685	83
3440715	83
3440745	83
3440775	84
3440805	83
3440835	84
3440865	83
3440895	83
3440925	83
3440955	83
3440985	84
3441015	84
3441045	83
3441075	83
3441105	83
3441135	83
3441165	83
3441195	83
3441225	83
3441255	83
3441285	83
3441315	83
3441345	83
3441375	83
3441405	83
3441435	83
3441465	83
3441495	83
3441525	84
3441555	83
3441585	84
3441615	83
3441645	83
3441675	83
3441705	84
3441735	83
3441765	83
3441795	83
3441825	83
3441855	83
3441885	83
3441915	83
3441945	83
3441975	83
3442005	83
3442035	83
3442065	83
3442095	84
3442125	82
3442155	83
3442185	83
3442215	84
3442245	82
3442275	84
3442305	83
3442335	83
3442365	83
3442395	83
3442425	84
3442455	82
3442485	83
3442515	84
3442545	83
3442575	83
3442605	83
3442635	82
3442665	83
3442695	83
3442725	84
3442755	83
3442785	83
3442815	83
3442845	82
3442875	84
3442905	83
3442935	83
3442965	83
3442995	83
3443025	84
3443055	83
3443085	83
3443115	84
3443145	83
3443175	83
3443205	84
3443235	84
3443265	83
3443295	84
3443325	84
3443355	83
3443385	82
3443415	83
3443445	84
3443475	83
3443505	83
3443535	83
3443565	83
3443595	84
3443625	83
3443655	84
3443685	85
3443715	83
3443745	83
3443775	85
3443805	83
3443835	83
3443865	83
3443895	84
3443925	83
3443955	83
3443985	83
3444015	83
3444045	83
3444075	83
3444105	84
3444135	82
3444165	84
3444195	83
3444225	83
3444255	83
3444285	84
3444315	84
3444345	83
3444375	84
3444405	84
3444435	83
3444465	84
3444495	82
3444525	83
3444555	83
3444585	84
3444615	83
3444645	83
3444675	83
3444705	83
3444735	82
3444765	83
3444795	83
3444825	83
3444855	82
3444885	84
3444915	83
3444945	83
3444975	84
3445005	84
3445035	84
3445065	83
3445095	83
3445128	83
3445155	82
3445185	83
3445215	83
3445245	84
3445275	83
3445305	84
3445335	83
3445365	84
3445395	82
3445425	83
3445455	84
3445485	84
3445515	84
3445545	83
3445575	83
3445605	84
3445635	83
3445665	83
3445695	84
3445725	83
3445755	83
3445785	83
3445815	82
3445845	84
3445875	83
3445905	83
3445935	83
3445965	83
3445995	82
3446025	83
3446055	82
3446085	83
3446115	83
3446145	84
3446175	83
3446205	83
3446235	84
3446265	83
3446295	83
3446325	83
3446355	83
3446385	83
3446415	83
3446445	83
3446475	82
3446505	82
3446535	82
3446565	83
3446595	83
3446625	83
3446655	83
3446685	83
3446715	83
3446745	84
3446775	83
3446805	83
3446835	83
3446865	83
3446895	83
3446925	83
3446955	83
3446985	84
3447015	84
3447045	83
3447075	83
3447105	84
3447135	83
3447165	83
3447195	84
3447225	83
3447255	83
3447285	84
3447315	84
3447345	83
3447375	83
3447405	83
3447435	83
3447465	83
3447495	83
3447525	83
3447555	84
3447585	84
3447615	84
3447645	83
3447675	83
3447705	83
3447735	83
3447765	83
3447795	83
3447825	83
3447855	84
3447885	83
3447915	83
3447945	83
3447975	83
3448005	83
3448035	83
3448065	83
3448095	84
3448125	83
3448155	84
3448185	85
3448215	82
3448245	83
3448275	83
3448305	84
3448335	83
3448365	83
3448395	83
3448425	84
3448455	84
3448485	84
3448515	83
3448545	83
3448575	84
3448605	84
3448635	82
3448665	83
3448695	83
3448725	84
3448755	83
3448785	83
3448815	84
3448845	83
3448875	83
3448905	82
3448935	83
3448965	83
3448995	83
3449025	83
3449055	84
3449085	83
3449115	84
3449145	83
3449175	82
3449205	83
3449235	83
3449265	83
3449295	82
3449325	83
3449355	84
3449385	82
3449415	83
3449445	82
3449475	83
3449505	83
3449535	84
3449565	83
3449595	83
3449625	82
3449655	83
3449685	83
3449715	83
3449745	83
3449775	83
3449805	83
3449835	84
3449865	83
3449895	83
3449925	83
3449955	82
3449985	83
3450015	82
3450045	84
3450075	83
3450105	84
3450135	83
3450165	83
3450195	83
3450225	83
3450255	83
3450285	83
3450315	83
3450345	82
3450375	83
3450405	83
3450435	83
3450465	83
3450495	82
3450525	83
3450555	83
3450585	83
3450615	84
3450645	83
3450675	84
3450705	83
3450735	83
3450765	83
3450795	84
3450825	83
3450855	83
3450885	83
3450915	83
3450945	83
3450975	83
3451005	83
3451035	84
3451065	83
3451095	84
3451125	83
3451155	83
3451185	83
3451215	83
3451245	83
3451275	82
3451305	83
3451335	83
3451365	82
3451395	83
3451425	83
3451455	83
3451485	82
3451515	83
3451545	83
3451575	83
3451605	83
3451635	83
3451665	84
3451695	87
3451728	83
3451755	82
3451785	83
3451815	83
3451845	83
3451875	83
3451905	83
3451935	83
3451965	82
3451995	83
3452025	83
3452055	83
3452085	83
3452115	83
3452145	83
3452175	83
3452205	83
3452235	83
3452265	83
3452295	84
3452325	84
3452355	83
3452385	83
3452415	82
3452445	82
3452475	83
3452505	82
3452535	83
3452565	83
3452595	83
3452625	83
3452655	83
3452685	83
3452715	84
3452745	83
3452775	84
3452805	84
3452835	82
3452865	84
3452895	83
3452925	83
3452955	83
3452985	83
3453015	83
3453045	83
3453075	83
3453105	82
3453135	84
3453165	83
3453195	84
3453225	83
3453255	83
3453285	83
3453315	83
3453345	83
3453375	83
3453405	84
3453435	83
3453465	83
3453495	83
3453525	83
3453555	84
3453585	83
3453615	83
3453645	83
3453675	83
3453705	82
3453735	83
3453765	83
3453795	83
3453825	84
3453855	83
3453885	83
3453915	83
3453945	84
3453975	83
3454005	83
3454035	83
3454065	82
3454095	84
3454125	84
3454155	82
3454185	84
3454215	83
3454245	83
3454275	83
3454305	82
3454335	83
3454365	83
3454395	83
3454425	83
3454455	83
3454485	83
3454515	83
3454545	83
3454575	84
3454605	84
3454635	83
3454665	83
3454695	82
3454725	82
3454755	83
3454788	84
3454815	83
3454845	83
3454875	82
3454905	83
3454935	84
3454965	83
3454995	82
3455025	83
3455055	83
3455085	83
3455115	83
3455145	83
3455175	83
3455205	83
3455235	84
3455265	84
3455295	83
3455325	83
3455355	82
3455385	83
3455415	84
3455445	83
3455475	83
3455505	83
3455535	83
3455565	84
3455595	83
3455625	83
3455655	82
3455685	83
3455715	83
3455745	83
3455775	84
3455805	84
3455835	83
3455865	83
3455895	83
3455925	82
3455955	83
3455985	83
3456015	83
3456045	84
3456075	82
3456105	84
3456135	83
3456165	83
3456195	82
3456225	83
3456255	83
3456285	84
3456315	84
3456345	83
3456375	82
3456405	83
3456435	83
3456465	83
3456495	84
3456525	84
3456555	84
3456585	84
3456615	84
3456645	83
3456675	84
3456705	82
3456735	83
3456765	84
3456795	84
3456825	84
3456855	84
3456885	83
3456915	83
3456945	83
3456975	83
3457005	84
3457035	85
3457065	83
3457095	82
3457125	82
3457155	83
3457185	84
3457215	83
3457245	83
3457275	83
3457305	83
3457335	85
3457365	84
3457395	83
3457425	83
3457455	84
3457485	83
3457515	83
3457545	84
3457575	84
3457605	84
3457635	82
3457665	83
3457695	82
3457725	83
3457755	83
3457785	83
3457815	83
3457845	83
3457875	84
3457905	83
3457935	83
3457965	83
3457995	83
3458025	84
3458055	83
3458085	83
3458115	84
3458145	83
3458175	84
3458205	82
3458235	84
3458265	83
3458295	83
3458325	83
3458355	83
3458385	83
3458415	82
3458445	83
3458475	83
3458505	83
3458535	84
3458565	83
3458595	83
3458625	84
3458655	83
3458685	82
3458715	83
3458745	84
3458775	83
3458805	83
3458835	84
3458865	83
3458895	83
3458925	83
3458955	84
3458985	84
3459015	83
3459045	84
3459075	83
3459105	83
3459135	83
3459165	84
3459195	83
3459225	83
3459255	83
3459285	83
3459315	83
3459345	84
3459375	83
3459405	83
3459435	83
3459465	83
3459495	83
3459525	82
3459555	83
3459585	83
3459615	83
3459645	82
3459675	83
3459705	83
3459735	83
3459765	83
3459795	83
3459825	82
3459855	83
3459885	83
3459915	83
3459945	83
3459975	83
3460005	82
3460035	83
3460065	83
3460095	83
3460125	82
3460155	83
3460185	83
3460215	83
3460245	83
3460275	83
3460305	83
3460335	83
3460365	84
3460395	83
3460425	83
3460455	83
3460485	84
3460515	81
3460545	83
3460575	83
3460605	84
3460635	82
3460665	83
3460695	84
3460725	83
3460755	83
3460785	83
3460815	84
3460845	83
3460875	83
3460905	83
3460935	83
3460965	83
3460995	83
3461025	83
3461055	83
3461085	84
3461115	83
3461145	83
3461175	83
3461205	83
3461235	83
3461265	84
3461295	82
3461325	83
3461355	83
3461385	83
3461415	83
3461445	84
3461475	84
3461505	84
3461535	83
3461565	84
3461595	84
3461625	83
3461655	83
3461685	83
3461715	83
3461745	83
3461775	83
3461805	84
3461835	84
3461865	83
3461895	83
3461925	83
3461955	83
3461985	83
3462015	83
3462045	82
3462075	83
3462105	83
3462135	83
3462165	84
3462195	82
3462225	84
3462255	83
3462285	83
3462315	82
3462345	83
3462375	83
3462405	83
3462435	83
3462465	84
3462495	83
3462525	83
3462555	83
3462585	82
3462615	83
3462645	83
3462675	82
3462705	83
3462735	83
3462765	84
3462795	83
3462825	83
3462855	82
3462885	83
3462915	82
3462945	83
3462975	83
3463005	83
3463035	83
3463065	84
3463095	83
3463125	83
3463155	83
3463185	84
3463215	83
3463245	83
3463275	83
3463305	83
3463335	83
3463365	82
3463395	83
3463425	83
3463456	83
3463485	83
3463515	84
3463545	83
3463575	83
3463605	83
3463635	83
3463665	83
3463695	83
3463725	83
3463755	83
3463785	83
3463815	82
3463845	84
3463875	84
3463905	83
3463935	84
3463967	84
3463995	84
3464025	84
3464055	83
3464085	83
3464115	83
3464145	82
3464175	82
3464205	83
3464235	83
3464265	83
3464295	83
3464325	83
3464355	82
3464385	83
3464415	83
3464445	83
3464475	82
3464505	83
3464535	83
3464565	84
3464595	83
3464625	84
3464655	84
3464685	83
3464715	83
3464745	82
3464775	83
3464805	84
3464835	83
3464865	83
3464895	83
3464925	83
3464955	83
3464985	84
3465015	83
3465045	83
3465075	84
3465105	83
3465135	84
3465165	83
3465195	84
3465225	82
3465255	83
3465285	83
3465315	83
3465345	83
3465375	83
3465405	83
3465435	83
3465465	83
3465495	84
3465525	84
3465555	81
3465585	83
3465615	83
3465645	84
3465675	83
3465705	84
3465735	84
3465765	84
3465795	84
3465825	83
3465855	84
3465885	83
3465915	83
3465945	82
3465975	82
3466005	83
3466035	84
3466065	83
3466095	84
3466125	84
3466155	84
3466185	83
3466215	84
3466245	84
3466275	84
3466305	83
3466335	83
3466365	84
3466395	84
3466425	83
3466455	82
3466485	83
3466515	83
3466545	83
3466575	84
3466605	83
3466635	83
3466665	83
3466695	83
3466725	83
3466755	82
3466785	83
3466815	83
3466845	83
3466875	84
3466905	83
3466935	83
3466965	83
3466995	84
3467025	83
3467055	83
3467085	83
3467115	83
3467145	83
3467175	83
3467205	83
3467235	83
3467265	82
3467295	83
3467325	84
3467355	82
3467385	83
3467415	83
3467445	84
3467475	84
3467505	83
3467535	83
3467565	82
3467595	83
3467625	82
3467655	83
3467685	82
3467715	83
3467745	83
3467775	84
3467805	84
3467835	83
3467865	83
3467895	82
3467925	83
3467955	84
3467985	84
3468015	83
3468045	84
3468075	83
3468105	84
3468135	83
3468165	83
3468195	83
3468225	83
3468255	83
3468285	84
3468315	83
3468345	83
3468375	84
3468405	82
3468435	83
3468465	82
3468495	82
3468525	83
3468555	83
3468585	83
3468615	83
3468645	83
3468675	84
3468705	84
3468735	83
3468765	83
3468795	83
3468825	83
3468855	83
3468885	84
3468915	82
3468945	83
3468975	84
3469005	83
3469035	84
3469065	84
3469095	83
3469125	83
3469155	84
3469185	83
3469215	82
3469245	83
3469275	83
3469305	82
3469335	83
3469365	83
3469395	83
3469425	83
3469485	83
3469515	83
3469545	83
3469575	83
3469605	84
3469635	84
3469665	83
3469695	83
3469725	83
3469755	83
3469785	83
3469815	83
3469845	83
3469875	82
3469905	83
3469935	82
3469965	84
3469995	84
3470025	82
3470055	84
3470085	83
3470115	83
3470145	82
3470175	83
3470205	83
3470235	84
3470265	83
3470295	83
3470325	84
3470355	83
3470385	83
3470415	83
3470445	83
3470475	83
3470505	83
3470535	84
3470565	83
3470595	84
3470625	84
3470655	83
3470685	83
3470715	82
3470745	84
3470775	84
3470805	84
3470835	83
3470865	82
3470895	84
3470925	84
3470955	83
3470985	83
3471015	83
3471045	84
3471075	84
3471105	83
3471135	83
3471165	83
3471195	83
3471225	83
3471255	84
3471285	84
3471315	84
3471345	83
3471375	84
3471405	83
3471435	83
3471465	83
3471495	83
3471525	82
3471555	84
3471585	84
3471615	83
3471645	83
3471676	84
3471705	83
3471735	83
3471765	83
3471795	83
3471825	83
3471855	83
3471885	83
3471915	83
3471945	83
3471975	83
3472005	83
3472035	83
3472065	84
3472095	82
3472125	84
3472155	83
3472185	83
3472215	83
3472245	83
3472275	83
3472305	84
3472335	84
3472365	83
3472395	83
3472425	84
3472455	83
3472485	83
3472515	83
3472545	83
3472575	83
3472605	83
3472635	83
3472665	82
3472695	82
3472725	82
3472755	83
3472785	84
3472815	84
3472845	83
3472875	83
3472905	83
3472936	84
3472965	84
3472995	83
3473025	82
3473055	84
3473085	82
3473115	82
3473145	83
3473175	82
3473205	83
3473235	83
3473265	83
3473295	83
3473325	83
3473355	84
3473385	83
3473415	83
3473445	82
3473475	83
3473505	83
3473535	83
3473565	83
3473595	83
3473625	83
3473655	83
3473685	84
3473715	83
3473745	83
3473775	83
3473805	84
3473835	84
3473865	84
3473895	83
3473925	84
3473955	83
3473985	84
3474015	83
3474045	83
3474075	83
3474105	84
3474135	83
3474165	83
3474195	83
3474225	84
3474255	82
3474286	83
3474315	83
3474345	83
3474375	83
3474405	84
3474435	84
3474465	84
3474495	84
3474525	84
3474555	83
3474585	82
3474615	85
3474645	84
3474676	83
3474705	83
3474735	83
3474765	83
3474795	84
3474825	83
3474855	83
3474885	82
3474915	84
3474946	84
3474975	84
3475005	84
3475035	83
3475066	83
3475095	83
3475125	84
3475155	84
3475185	83
3475215	84
3475246	84
3475275	83
3475305	83
3475335	83
3475365	83
3475395	83
3475426	83
3475456	83
3475486	83
3475515	84
3475546	84
3475576	83
3475605	83
3475635	83
3475666	83
3475695	83
3475725	83
3475755	83
3475785	83
3475815	83
3475845	83
3475875	83
3475906	83
3475935	84
3475966	83
3475995	83
3476026	84
3476056	84
3476086	83
3476116	83
3476146	83
3476176	83
3476206	84
3476235	82
3476266	83
3476295	83
3476325	83
3476355	83
3476386	83
3476415	83
3476445	83
3476475	83
3476505	83
3476536	82
3476566	83
3476595	83
3476626	83
3476656	83
3476686	83
3476716	84
3476746	83
3476776	82
3476805	84
3476835	83
3476865	83
3476896	82
3476926	83
3476955	83
3476986	83
3477016	83
3477046	84
3477075	84
3477105	83
3477136	84
3477166	83
3477196	83
3477226	83
3477256	83
3477286	83
3477316	82
3477345	82
3477376	83
3477406	83
3477435	84
3477466	83
3477496	84
3477526	84
3477556	83
3477585	84
3477616	83
3477646	84
3477676	83
3477706	84
3477736	83
3477766	83
3477796	84
3477826	84
3477856	83
3477886	83
3477916	84
3477946	83
3477976	82
3478006	82
3478036	83
3478066	84
3478096	83
3478126	83
3478156	82
3478186	83
3478216	81
3478246	83
3478276	83
3478306	83
3478336	83
3478366	83
3478396	84
3478426	84
3478456	84
3478486	83
3478516	84
3478546	82
3478576	83
3478606	82
3478636	84
3478666	84
3478696	83
3478726	83
3478756	83
3478786	83
3478816	83
3478846	84
3478876	82
3478906	84
3478936	84
3478966	83
3478996	83
3479026	83
3479056	83
3479086	83
3479116	83
3479146	82
3479176	83
3479206	83
3479236	83
3479266	84
3479296	83
3479326	83
3479356	83
3479386	82
3479416	83
3479446	84
3479476	83
3479506	83
3479536	83
3479566	83
3479596	82
3479626	83
3479656	83
3479686	83
3479716	83
3479746	83
3479776	82
3479806	84
3479836	83
3479866	84
3479896	83
3479926	83
3479956	83
3479986	83
3480016	84
3480046	82
3480076	82
3480106	83
3480136	83
3480166	84
3480196	83
3480226	81
3480256	83
3480286	83
3480316	82
3480346	83
3480376	83
3480406	83
3480436	84
3480466	83
3480496	83
3480526	84
3480556	83
3480586	83
3480616	82
3480646	83
3480676	84
3480706	83
3480736	83
3480766	84
3480796	82
3480826	84
3480856	83
3480886	84
3480916	83
3480946	84
3480976	83
3481006	83
3481036	83
3481066	82
3481096	83
3481126	82
3481156	84
3481186	83
3481216	83
3481246	83
3481276	84
3481306	82
3481336	83
3481366	84
3481396	83
3481426	84
3481456	84
3481486	82
3481516	83
3481546	83
3481576	83
3481606	83
3481636	84
3481666	83
3481696	83
3481726	84
3481756	83
3481786	83
3481816	84
3481846	83
3481876	83
3481906	83
3481936	82
3481966	82
3481996	83
3482026	83
3482056	83
3482086	83
3482116	84
3482146	82
3482176	83
3482206	83
3482236	83
3482266	84
3482296	82
3482326	83
3482356	83
3482386	82
3482416	82
3482446	84
3482476	84
3482506	83
3482536	82
3482566	83
3482596	83
3482626	83
3482656	83
3482686	82
3482716	83
3482746	84
3482776	83
3482806	84
3482836	83
3482866	84
3482896	83
3482926	83
3482956	83
3482986	82
3483016	83
3483046	83
3483076	82
3483106	83
3483136	84
3483166	83
3483196	83
3483226	84
3483256	83
3483286	84
3483316	83
3483346	83
3483376	84
3483406	83
3483436	83
3483466	82
3483496	82
3483526	83
3483556	82
3483586	83
3483616	84
3483646	83
3483676	84
3483706	84
3483736	83
3483766	84
3483796	84
3483826	83
3483856	83
3483886	82
3483916	83
3483946	83
3483976	83
3484006	84
3484036	83
3484066	84
3484096	84
3484126	83
3484156	83
3484186	83
3484216	83
3484276	83
3484306	83
3484336	83
3484366	84
3484396	83
3484426	83
3484456	83
3484486	82
3484516	83
3484546	83
3484576	83
3484606	83
3484636	83
3484666	84
3484696	83
3484726	83
3484786	83
3484816	83
3484846	83
3484876	83
3484906	82
3484936	83
3484966	83
3484996	83
3485026	83
3485056	83
3485086	84
3485116	83
3485146	83
3485176	83
3485206	83
3485236	84
3485266	83
3485296	83
3485326	82
3485356	83
3485389	84
3485416	84
3485446	83
3485476	82
3485506	83
3485536	83
3485566	84
3485596	83
3485626	83
3485656	83
3485686	83
3485716	83
3485746	83
3485776	83
3485806	83
3485836	84
3485866	84
3485896	82
3485926	83
3485956	84
3485986	83
3486016	84
3486046	82
3486076	83
3486106	83
3486136	83
3486166	84
3486196	83
3486226	84
3486256	83
3486286	83
3486316	83
3486346	83
3486376	82
3486406	83
3486436	83
3486466	84
3486496	83
3486526	84
3486556	83
3486586	84
3486616	83
3486646	83
3486676	84
3486706	83
3486736	82
3486766	82
3486796	83
3486826	83
3486856	82
3486886	84
3486916	83
3486946	83
3486976	83
3487006	83
3487036	84
3487066	84
3487096	82
3487126	83
3487156	83
3487186	83
3487216	83
3487246	83
3487276	83
3487306	83
3487336	83
3487366	83
3487396	82
3487426	84
3487456	83
3487486	84
3487516	84
3487546	84
3487576	83
3487606	82
3487636	83
3487666	84
3487696	83
3487726	83
3487756	83
3487786	83
3487816	83
3487846	82
3487876	83
3487906	83
3487936	83
3487966	84
3487996	83
3488026	82
3488056	83
3488086	82
3488116	83
3488146	83
3488176	83
3488206	83
3488236	84
3488266	83
3488296	84
3488326	84
3488356	83
3488386	83
3488416	83
3488446	83
3488476	83
3488506	83
3488536	82
3488566	82
3488596	83
3488626	83
3488656	83
3488686	84
3488716	83
3488746	83
3488776	83
3488806	84
3488836	83
3488866	83
3488896	83
3488926	83
3488956	84
3488986	82
3489016	84
3489046	83
3489076	84
3489106	84
3489136	84
3489166	83
3489196	84
3489226	82
3489256	83
3489286	83
3489316	83
3489346	84
3489376	82
3489406	84
3489436	83
3489466	83
3489496	82
3489526	82
3489556	83
3489586	83
3489616	83
3489646	84
3489676	83
3489706	83
3489736	83
3489766	83
3489796	82
3489826	83
3489856	83
3489886	83
3489916	83
3489946	83
3489976	83
3490006	84
3490036	84
3490066	84
3490096	84
3490126	83
3490156	83
3490186	83
3490216	83
3490246	83
3490276	82
3490306	82
3490336	83
3490366	83
3490396	83
3490426	83
3490456	83
3490486	84
3490516	83
3490546	83
3490576	83
3490606	83
3490636	84
3490666	82
3490696	83
3490726	83
3490756	82
3490786	82
3490816	83
3490846	83
3490876	83
3490906	83
3490936	83
3490966	84
3490996	83
3491026	83
3491056	83
3491086	83
3491116	84
3491146	83
3491176	84
3491206	83
3491236	83
3491266	83
3491296	83
3491326	84
3491356	83
3491386	84
3491416	83
3491446	83
3491476	83
3491506	83
3491536	83
3491566	83
3491596	83
3491626	84
3491656	84
3491686	83
3491716	83
3491746	83
3491776	84
3491806	83
3491836	83
3491866	83
3491896	83
3491926	84
3491956	84
3491986	82
3492016	83
3492046	83
3492076	83
3492106	83
3492136	82
3492166	84
3492196	84
3492226	83
3492256	84
3492286	83
3492316	84
3492346	83
3492376	84
3492406	83
3492436	83
3492466	83
3492496	83
3492526	82
3492556	84
3492586	83
3492616	84
3492646	83
3492676	84
3492706	84
3492736	83
3492766	84
3492796	84
3492826	83
3492856	83
3492886	83
3492916	84
3492946	83
3492976	84
3493006	83
3493036	84
3493066	83
3493096	83
3493126	84
3493156	83
3493186	83
3493216	83
3493246	83
3493276	82
3493306	83
3493336	83
3493366	83
3493396	83
3493426	84
3493456	83
3493486	83
3493516	83
3493546	83
3493576	84
3493606	83
3493636	82
3493666	83
3493696	83
3493726	83
3493756	84
3493786	82
3493816	83
3493846	83
3493876	83
3493906	83
3493936	83
3493966	84
3493996	83
3494026	84
3494056	84
3494086	83
3494116	84
3494146	83
3494176	84
3494206	82
3494236	82
3494266	84
3494296	83
3494326	83
3494356	82
3494386	82
3494416	84
3494446	83
3494476	83
3494506	83
3494536	82
3494566	83
3494596	83
3494626	83
3494656	83
3494686	83
3494716	84
3494746	83
3494776	84
3494806	84
3494836	83
3494866	83
3494896	83
3494926	83
3494956	83
3494986	83
3495016	83
3495046	82
3495076	83
3495106	83
3495136	83
3495166	84
3495196	84
3495226	83
3495256	83
3495286	82
3495316	83
3495346	83
3495376	83
3495406	83
3495436	83
3495466	83
3495496	84
3495526	83
3495556	82
3495586	84
3495616	83
3495646	83
3495676	83
3495706	83
3495736	83
3495766	84
3495796	83
3495826	83
3495856	83
3495886	83
3495916	83
3495946	82
3495976	82
3496006	84
3496036	82
3496066	83
3496096	84
3496126	83
3496156	83
3496186	82
3496216	83
3496246	83
3496276	83
3496306	83
3496336	83
3496366	84
3496396	83
3496426	84
3496456	83
3496486	83
3496516	83
3496546	84
3496576	83
3496606	83
3496636	84
3496666	83
3496696	83
3496726	82
3496756	85
3496786	83
3496816	83
3496846	83
3496876	83
3496906	82
3496936	82
3496966	83
3496996	83
3497026	83
3497056	83
3497086	84
3497116	82
3497146	84
3497176	83
3497206	83
3497236	83
3497266	83
3497296	83
3497326	84
3497356	83
3497386	83
3497416	83
3497446	84
3497476	83
3497506	83
3497536	83
3497566	83
3497596	84
3497626	83
3497656	84
3497686	84
3497716	83
3497746	83
3497776	83
3497806	83
3497836	83
3497866	82
3497896	82
3497926	83
3497956	83
3497986	84
3498016	83
3498046	84
3498076	83
3498106	84
3498136	83
3498166	84
3498196	83
3498226	84
3498256	83
3498286	83
3498316	84
3498346	83
3498376	83
3498406	84
3498436	83
3498466	84
3498496	84
3498526	84
3498556	83
3498586	83
3498616	83
3498646	83
3498676	83
3498706	83
3498736	84
3498766	84
3498796	84
3498826	83
3498856	83
3498886	83
3498916	84
3498946	84
3498976	83
3499006	84
3499036	84
3499066	83
3499096	83
3499126	83
3499156	83
3499186	82
3499216	83
3499246	83
3499276	83
3499306	83
3499336	83
3499366	83
3499396	83
3499426	83
3499456	83
3499486	83
3499516	83
3499546	83
3499576	83
3499606	84
3499636	82
3499666	84
3499696	84
3499726	83
3499756	83
3499786	83
3499816	83
3499846	83
3499876	82
3499906	84
3499936	84
3499966	83
3499996	84
3500026	83
3500056	84
3500086	83
3500116	83
3500146	83
3500176	83
3500206	84
3500236	83
3500266	83
3500296	82
3500326	82
3500356	83
3500386	83
3500416	83
3500446	83
3500476	83
3500506	84
3500536	83
3500566	83
3500596	83
3500626	84
3500656	84
3500686	84
3500716	84
3500746	84
3500776	83
3500806	83
3500836	83
3500866	84
3500896	83
3500926	83
3500956	83
3500986	84
3501016	83
3501046	83
3501076	83
3501106	83
3501136	83
3501166	83
3501196	83
3501226	84
3501256	83
3501286	82
3501316	83
3501346	84
3501376	82
3501406	84
3501436	84
3501466	82
3501496	83
3501526	83
3501556	83
3501586	83
3501616	83
3501646	83
3501676	83
3501706	84
3501736	83
3501766	83
3501796	83
3501826	83
3501856	82
3501886	83
3501916	82
3501946	82
3501976	83
3502006	83
3502036	82
3502066	83
3502096	84
3502126	83
3502156	84
3502186	84
3502216	84
3502246	83
3502276	82
3502306	83
3502336	83
3502366	83
3502396	83
3502426	83
3502456	83
3502486	83
3502516	84
3502546	82
3502576	84
3502606	83
3502636	82
3502666	83
3502696	83
3502726	86
3502756	83
3502786	83
3502816	83
3502846	83
3502876	84
3502906	83
3502936	83
3502966	84
3502996	82
3503026	83
3503056	83
3503086	83
3503116	83
3503146	84
3503176	84
3503206	82
3503236	84
3503266	83
3503296	83
3503326	83
3503356	83
3503386	83
3503416	83
3503446	83
3503476	83
3503506	83
3503536	83
3503566	83
3503596	83
3503626	83
3503656	83
3503686	82
3503716	84
3503746	83
3503776	83
3503806	83
3503836	82
3503866	83
3503896	83
3503926	84
3503956	84
3503986	84
3504016	83
3504046	83
3504076	82
3504106	83
3504136	83
3504166	83
3504196	84
3504226	83
3504256	83
3504286	83
3504316	84
3504346	83
3504376	82
3504406	83
3504436	83
3504466	83
3504496	84
3504526	84
3504556	83
3504586	83
3504616	84
3504646	83
3504676	84
3504706	82
3504736	83
3504766	83
3504796	83
3504826	83
3504856	83
3504886	83
3504916	82
3504946	83
3504976	84
3505006	84
3505036	83
3505066	83
3505096	83
3505126	82
3505156	83
3505186	83
3505216	82
3505246	84
3505276	83
3505306	83
3505336	83
3505366	83
3505396	83
3505426	84
3505456	84
3505486	83
3505516	83
3505546	82
3505576	83
3505606	82
3505636	83
3505666	83
3505696	83
3505726	84
3505757	83
3505786	83
3505816	84
3505846	83
3505876	84
3505906	83
3505936	83
3505966	83
3505996	83
3506026	84
3506056	82
3506086	83
3506116	83
3506146	83
3506176	83
3506206	82
3506236	83
3506266	83
3506296	84
3506326	83
3506356	83
3506386	84
3506416	84
3506446	83
3506476	83
3506506	83
3506536	84
3506566	82
3506596	83
3506626	84
3506656	84
3506686	83
3506716	83
3506746	82
3506776	84
3506806	84
3506836	84
3506866	83
3506896	83
3506926	84
3506956	83
3506986	83
3507016	83
3507046	83
3507076	82
3507106	83
3507136	84
3507166	83
3507196	83
3507226	83
3507256	83
3507287	83
3507316	83
3507346	83
3507376	82
3507406	83
3507436	82
3507466	84
3507496	84
3507526	84
3507556	84
3507586	83
3507616	83
3507646	83
3507676	84
3507706	84
3507736	82
3507766	83
3507796	83
3507826	83
3507856	83
3507886	83
3507916	84
3507946	84
3507976	84
3508006	83
3508036	83
3508066	83
3508096	84
3508126	83
3508156	83
3508186	84
3508216	84
3508246	83
3508276	83
3508306	83
3508336	82
3508366	83
3508396	83
3508426	83
3508456	83
3508486	83
3508516	83
3508546	84
3508576	83
3508606	83
3508636	82
3508666	83
3508696	83
3508726	82
3508756	83
3508786	83
3508816	83
3508846	83
3508876	84
3508906	82
3508936	84
3508966	83
3508996	83
3509026	84
3509056	84
3509086	83
3509116	84
3509146	83
3509177	83
3509206	82
3509236	83
3509266	83
3509296	83
3509326	83
3509356	82
3509386	84
3509416	83
3509446	84
3509476	83
3509506	83
3509536	83
3509566	82
3509596	84
3509626	83
3509656	83
3509686	83
3509716	83
3509746	84
3509776	82
3509806	83
3509836	84
3509866	83
3509896	84
3509926	84
3509956	83
3509986	82
3510016	83
3510046	83
3510076	83
3510106	83
3510136	84
3510166	84
3510196	84
3510226	82
3510256	83
3510286	83
3510316	83
3510346	83
3510376	83
3510406	84
3510436	84
3510466	84
3510496	82
3510526	83
3510556	83
3510586	84
3510616	83
3510646	83
3510676	83
3510706	83
3510736	83
3510766	84
3510796	83
3510828	83
3510856	83
3510886	82
3510916	83
3510946	83
3510976	83
3511006	83
3511036	83
3511066	83
3511096	84
3511126	84
3511156	83
3511186	83
3511216	83
3511246	83
3511276	83
3511306	83
3511336	83
3511366	83
3511396	82
3511426	83
3511456	83
3511486	84
3511516	83
3511546	83
3511576	83
3511606	83
3511636	83
3511666	83
3511696	82
3511726	83
3511756	83
3511786	84
3511816	84
3511847	83
3511876	83
3511906	83
3511936	83
3511966	83
3511996	84
3512026	83
3512056	82
3512086	83
3512116	84
3512146	84
3512176	83
3512206	82
3512236	83
3512266	83
3512296	83
3512326	83
3512356	83
3512386	83
3512416	82
3512446	83
3512476	83
3512506	82
3512536	83
3512566	83
3512596	84
3512626	83
3512656	84
3512686	83
3512716	83
3512746	83
3512776	82
3512806	83
3512836	84
3512866	84
3512896	83
3512927	84
3512956	84
3512986	83
3513016	83
3513046	84
3513076	83
3513106	83
3513136	84
3513166	83
3513196	83
3513226	82
3513256	83
3513286	83
3513316	83
3513346	83
3513377	84
3513406	83
3513436	84
3513466	84
3513496	83
3513526	84
3513556	83
3513586	83
3513616	83
3513646	83
3513676	83
3513706	83
3513736	82
3513766	83
3513796	84
3513826	83
3513856	83
3513886	83
3513916	83
3513946	83
3513976	83
3514006	84
3514036	84
3514067	83
3514096	83
3514126	84
3514156	83
3514186	83
3514216	83
3514246	84
3514276	83
3514306	83
3514336	83
3514366	83
3514396	84
3514426	83
3514456	83
3514486	84
3514516	83
3514546	83
3514576	83
3514606	84
3514636	83
3514666	82
3514696	83
3514726	83
3514756	84
3514786	83
3514816	84
3514846	82
3514876	84
3514906	82
3514937	83
3514966	82
3514996	83
3515026	83
3515056	83
3515086	84
3515116	83
3515146	82
3515176	83
3515206	83
3515236	84
3515266	82
3515296	83
3515326	84
3515356	83
3515386	82
3515416	83
3515446	83
3515476	83
3515506	83
3515536	84
3515566	85
3515596	83
3515626	83
3515656	84
3515686	84
3515716	83
3515746	82
3515776	83
3515806	83
3515836	84
3515866	82
3515896	83
3515927	84
3515956	84
3515986	83
3516016	83
3516046	84
3516076	83
3516106	83
3516136	83
3516166	83
3516197	84
3516226	82
3516256	83
3516286	83
3516316	83
3516346	83
3516376	83
3516406	84
3516437	84
3516466	83
3516497	84
3516526	83
3516556	84
3516586	83
3516616	83
3516646	84
3516677	84
3516706	83
3516736	84
3516766	83
3516797	83
3516826	83
3516856	82
3516886	83
3516916	83
3516947	83
3516976	83
3517006	83
3517036	83
3517067	84
3517096	83
3517126	83
3517156	83
3517187	83
3517216	84
3517246	83
3517276	84
3517306	83
3517336	82
3517366	83
3517396	83
3517427	83
3517457	84
3517486	83
3517516	84
3517547	83
3517577	83
3517606	84
3517636	83
3517666	83
3517696	83
3517726	84
3517756	82
3517786	83
3517817	83
3517846	83
3517876	83
3517907	83
3517937	83
3517967	83
3517996	82
3518027	83
3518057	83
3518087	82
3518117	83
3518147	82
3518177	82
3518206	83
3518237	82
3518266	83
3518297	83
3518327	83
3518357	83
3518387	83
3518417	84
3518447	83
3518477	83
3518507	83
3518537	83
3518567	83
3518597	82
3518626	83
3518657	82
3518687	83
3518717	83
3518747	82
3518776	84
3518807	83
3518837	82
3518866	84
3518897	83
3518927	84
3518957	83
3518987	83
3519017	84
3519047	84
3519077	84
3519107	83
3519137	84
3519167	83
3519197	82
3519227	83
3519257	84
3519287	83
3519317	83
3519347	83
3519377	84
3519407	84
3519437	83
3519467	83
3519497	83
3519527	84
3519557	83
3519587	84
3519617	83
3519647	82
3519677	83
3519707	83
3519737	83
3519767	84
3519797	83
3519827	83
3519857	83
3519887	83
3519917	83
3519947	84
3519977	82
3520007	84
3520037	83
3520067	84
3520097	82
3520127	83
3520157	83
3520187	82
3520217	84
3520247	83
3520277	83
3520307	85
3520337	84
3520367	83
3520397	83
3520427	82
3520457	83
3520487	84
3520517	84
3520547	83
3520577	83
3520607	83
3520637	83
3520667	83
3520697	84
3520727	82
3520757	83
3520787	83
3520817	83
3520847	83
3520877	83
3520907	83
3520937	83
3520967	83
3521000	83
3521027	83
3521057	83
3521087	83
3521117	83
3521147	83
3521177	84
3521207	84
3521237	84
3521267	83
3521297	83
3521327	83
3521357	83
3521387	84
3521417	83
3521447	83
3521477	84
3521507	82
3521537	84
3521567	83
3521597	83
3521627	82
3521657	83
3521687	83
3521717	84
3521747	84
3521777	83
3521807	83
3521837	83
3521867	84
3521897	83
3521927	84
3521957	84
3521987	83
3522017	83
3522047	83
3522077	83
3522107	83
3522137	83
3522167	84
3522197	83
3522227	83
3522257	82
3522287	84
3522317	83
3522347	84
3522377	85
3522407	83
3522437	83
3522467	84
3522497	83
3522527	83
3522557	83
3522587	83
3522617	84
3522647	82
3522677	83
3522707	83
3522737	83
3522767	84
3522797	83
3522827	83
3522857	83
3522887	84
3522917	83
3522947	83
3522977	84
3523007	83
3523037	84
3523067	84
3523097	84
3523127	84
3523157	83
3523187	83
3523217	82
3523247	83
3523277	82
3523307	82
3523337	83
3523367	83
3523397	83
3523427	83
3523457	84
3523487	83
3523517	82
3523547	83
3523577	83
3523607	83
3523637	83
3523667	83
3523697	82
3523727	83
3523757	82
3523787	84
3523817	84
3523847	83
3523877	83
3523907	84
3523937	84
3523967	83
3523997	83
3524027	83
3524059	83
3524087	83
3524117	83
3524147	82
3524177	83
3524207	83
3524237	84
3524267	83
3524297	83
3524327	83
3524357	82
3524387	83
3524417	83
3524447	83
3524477	83
3524507	84
3524537	83
3524567	84
3524597	83
3524627	84
3524657	83
3524687	83
3524717	84
3524747	83
3524777	83
3524807	84
3524837	83
3524867	84
3524897	83
3524927	83
3524957	83
3524987	83
3525017	83
3525047	83
3525077	84
3525107	83
3525137	84
3525167	83
3525197	84
3525227	84
3525257	84
3525287	84
3525317	83
3525347	83
3525377	83
3525407	83
3525437	83
3525467	84
3525497	84
3525527	84
3525557	84
3525587	83
3525617	83
3525647	83
3525677	83
3525707	83
3525737	83
3525767	83
3525797	82
3525827	83
3525857	84
3525887	83
3525917	83
3525947	84
3525977	82
3526007	83
3526037	84
3526067	83
3526097	82
3526127	83
3526157	83
3526187	82
3526217	83
3526247	83
3526277	83
3526307	83
3526337	84
3526367	84
3526397	82
3526427	83
3526457	83
3526487	84
3526517	83
3526547	83
3526577	83
3526607	83
3526637	83
3526667	83
3526697	83
3526727	82
3526757	82
3526787	82
3526817	84
3526847	83
3526877	84
3526907	83
3526937	82
3526967	83
3526997	82
3527027	84
3527057	83
3527087	84
3527117	83
3527147	84
3527177	84
3527207	83
3527237	84
3527267	83
3527297	83
3527327	82
3527357	83
3527387	83
3527417	84
3527447	82
3527477	82
3527507	83
3527537	82
3527567	82
3527597	83
3527627	83
3527657	84
3527687	84
3527717	83
3527747	84
3527777	83
3527807	84
3527837	84
3527867	82
3527897	84
3527927	83
3527957	84
3527987	83
3528017	84
3528047	84
3528077	83
3528107	83
3528137	83
3528167	83
3528197	84
3528227	83
3528257	83
3528287	84
3528317	83
3528347	84
3528377	83
3528407	83
3528437	83
3528467	83
3528497	83
3528527	83
3528557	83
3528587	83
3528617	84
3528647	83
3528677	83
3528707	83
3528737	83
3528767	83
3528797	83
3528827	84
3528857	83
3528887	84
3528917	83
3528947	84
3528977	83
3529007	83
3529037	83
3529067	84
3529097	83
3529127	83
3529157	82
3529187	84
3529217	83
3529247	83
3529277	83
3529337	83
3529367	83
3529397	84
3529427	83
3529457	84
3529487	83
3529517	83
3529547	83
3529577	83
3529607	83
3529637	84
3529667	82
3529697	83
3529727	83
3529757	83
3529787	82
3529817	82
3529847	83
3529877	84
3529907	83
3529937	83
3529967	83
3529997	83
3530027	84
3530057	84
3530087	83
3530117	83
3530147	84
3530177	85
3530207	83
3530237	83
3530267	83
3530297	83
3530327	82
3530357	84
3530387	84
3530417	83
3530447	83
3530477	83
3530507	83
3530537	83
3530567	83
3530597	84
3530627	83
3530657	82
3530687	83
3530717	83
3530747	83
3530777	83
3530807	84
3530837	84
3530867	83
3530897	83
3530927	83
3530957	84
3530987	83
3531017	83
3531047	83
3531077	84
3531107	83
3531137	83
3531167	83
3531197	82
3531227	84
3531257	83
3531287	83
3531317	83
3531347	84
3531377	83
3531407	84
3531437	84
3531467	83
3531497	84
3531527	84
3531557	84
3531587	84
3531617	84
3531647	83
3531677	83
3531707	83
3531737	83
3531767	84
3531797	84
3531827	83
3531857	82
3531887	82
3531917	83
3531947	82
3531977	84
3532007	83
3532037	83
3532067	83
3532097	84
3532127	83
3532157	83
3532187	84
3532217	84
3532247	83
3532277	83
3532307	83
3532337	82
3532367	83
3532397	82
3532427	84
3532457	83
3532487	82
3532517	83
3532547	83
3532577	83
3532607	83
3532637	82
3532667	84
3532697	84
3532727	83
3532757	82
3532787	83
3532817	83
3532847	84
3532877	83
3532907	84
3532937	83
3532967	84
3532997	84
3533027	83
3533057	83
3533087	83
3533117	83
3533147	84
3533177	85
3533207	83
3533237	83
3533267	83
3533297	83
3533327	83
3533357	83
3533387	83
3533417	85
3533447	84
3533477	84
3533507	82
3533537	83
3533567	83
3533597	83
3533627	83
3533657	84
3533687	83
3533717	83
3533747	84
3533777	83
3533807	84
3533837	83
3533867	84
3533897	82
3533927	83
3533957	83
3533987	83
3534017	84
3534047	84
3534077	82
3534107	84
3534137	84
3534167	82
3534197	83
3534227	84
3534259	84
3534287	83
3534317	85
3534347	84
3534377	83
3534407	83
3534437	83
3534467	83
3534497	83
3534527	83
3534557	82
3534587	83
3534617	84
3534647	83
3534677	83
3534707	82
3534737	83
3534767	83
3534797	83
3534827	83
3534857	83
3534887	83
3534917	84
3534947	83
3534977	83
3535007	84
3535037	82
3535067	83
3535097	83
3535127	83
3535157	83
3535187	83
3535217	83
3535247	83
3535277	84
3535307	82
3535337	83
3535367	83
3535397	82
3535428	84
3535457	83
3535487	83
3535517	83
3535547	83
3535577	83
3535607	84
3535637	84
3535667	83
3535697	83
3535727	83
3535757	84
3535787	82
3535817	83
3535847	83
3535877	82
3535907	83
3535937	83
3535967	83
3535997	83
3536027	83
3536057	83
3536087	82
3536117	84
3536147	83
3536177	83
3536207	84
3536237	83
3536267	84
3536297	84
3536327	84
3536357	84
3536387	84
3536417	83
3536447	83
3536477	83
3536507	83
3536537	84
3536567	83
3536597	83
3536627	83
3536657	82
3536687	84
3536717	84
3536747	83
3536777	83
3536807	83
3536837	83
3536867	83
3536897	84
3536927	83
3536957	84
3536987	82
3537017	83
3537047	83
3537077	83
3537107	82
3537137	84
3537167	83
3537197	83
3537227	83
3537257	84
3537287	82
3537317	83
3537347	83
3537377	83
3537407	82
3537437	83
3537467	83
3537497	82
3537527	84
3537557	85
3537587	82
3537617	84
3537647	82
3537677	83
3537707	83
3537737	84
3537767	83
3537797	83
3537827	83
3537857	84
3537887	83
3537917	83
3537947	82
3537977	84
3538007	83
3538037	84
3538067	83
3538097	83
3538127	83
3538157	84
3538187	83
3538217	83
3538247	82
3538277	83
3538307	82
3538337	83
3538367	84
3538397	83
3538427	83
3538457	82
3538487	83
3538517	83
3538547	84
3538577	83
3538607	83
3538637	83
3538667	83
3538697	83
3538727	82
3538757	83
3538787	83
3538817	83
3538847	84
3538877	82
3538907	84
3538937	83
3538967	83
3538997	83
3539027	83
3539057	83
3539087	83
3539117	84
3539147	83
3539177	83
3539207	83
3539237	84
3539267	83
3539297	83
3539327	83
3539357	83
3539387	84
3539417	83
3539447	84
3539477	83
3539507	83
3539537	83
3539567	83
3539597	84
3539627	82
3539657	83
3539687	83
3539717	84
3539747	82
3539777	83
3539807	84
3539837	83
3539867	83
3539897	83
3539927	83
3539957	84
3539987	83
3540017	84
3540047	84
3540077	84
3540107	83
3540137	83
3540167	83
3540197	83
3540227	83
3540257	83
3540287	83
3540317	83
3540347	84
3540377	82
3540407	83
3540437	84
3540467	83
3540497	83
3540527	83
3540557	83
3540587	84
3540617	83
3540647	83
3540677	84
3540707	83
3540737	83
3540767	83
3540797	83
3540827	84
3540857	85
3540887	83
3540917	83
3540947	84
3540977	83
3541007	83
3541037	83
3541067	83
3541097	83
3541127	83
3541157	83
3541187	83
3541217	83
3541247	83
3541277	84
3541307	83
3541337	83
3541367	83
3541397	83
3541427	83
3541457	84
3541487	83
3541517	83
3541547	83
3541577	83
3541607	83
3541637	83
3541667	83
3541697	84
3541727	82
3541757	82
3541787	82
3541817	82
3541847	83
3541877	82
3541907	83
3541937	84
3541967	83
3541997	84
3542027	83
3542057	84
3542087	83
3542117	83
3542147	82
3542177	84
3542207	83
3542237	84
3542267	83
3542297	83
3542327	83
3542357	83
3542387	83
3542417	83
3542447	83
3542477	83
3542507	83
3542537	83
3542567	84
3542597	82
3542627	84
3542657	82
3542687	82
3542717	83
3542747	84
3542777	83
3542807	84
3542837	83
3542867	84
3542897	84
3542927	83
3542957	83
3542987	83
3543017	83
3543047	83
3543077	83
3543107	84
3543137	83
3543167	83
3543197	83
3543227	83
3543257	83
3543287	83
3543317	82
3543347	84
3543377	83
3543407	83
3543437	83
3543467	83
3543497	83
3543527	84
3543557	83
3543587	83
3543617	84
3543647	83
3543677	84
3543707	83
3543737	83
3543767	84
3543797	84
3543827	83
3543857	84
3543887	84
3543917	84
3543947	83
3543977	83
3544007	84
3544037	83
3544067	82
3544097	83
3544127	82
3544157	84
3544187	84
3544217	83
3544247	83
3544277	83
3544307	83
3544337	83
3544367	83
3544400	83
3544427	84
3544457	83
3544487	83
3544517	83
3544547	83
3544577	82
3544607	83
3544637	83
3544667	83
3544697	83
3544727	83
3544757	83
3544787	84
3544817	84
3544847	84
3544877	83
3544907	82
3544937	82
3544967	83
3544997	82
3545027	82
3545057	83
3545087	83
3545117	83
3545147	83
3545177	83
3545207	83
3545237	83
3545267	83
3545297	84
3545327	83
3545357	83
3545387	84
3545417	84
3545447	82
3545477	83
3545507	83
3545537	84
3545567	83
3545597	83
3545627	83
3545657	84
3545687	83
3545717	83
3545747	83
3545777	84
3545807	83
3545837	82
3545867	84
3545897	83
3545927	84
3545957	84
3545987	83
3546017	84
3546047	83
3546077	83
3546107	83
3546137	83
3546167	83
3546197	84
3546227	83
3546257	83
3546287	84
3546317	83
3546347	83
3546377	83
3546407	83
3546437	83
3546467	83
3546497	84
3546527	83
3546557	83
3546587	84
3546617	82
3546647	84
3546677	84
3546707	83
3546737	83
3546767	83
3546797	82
3546827	83
3546857	82
3546887	83
3546917	85
3546948	84
3546977	83
3547007	84
3547037	83
3547067	83
3547097	83
3547127	83
3547157	84
3547187	84
3547217	83
3547247	83
3547277	84
3547307	83
3547337	83
3547367	83
3547397	84
3547427	83
3547457	83
3547487	84
3547517	83
3547547	83
3547577	84
3547607	83
3547637	83
3547667	83
3547697	83
3547727	83
3547757	83
3547787	82
3547817	83
3547847	83
3547877	83
3547907	83
3547937	84
3547967	84
3547997	84
3548027	83
3548057	84
3548087	83
3548117	84
3548147	83
3548177	83
3548207	84
3548237	83
3548267	82
3548297	81
3548327	83
3548357	83
3548387	82
3548417	82
3548447	84
3548477	83
3548507	83
3548537	83
3548567	83
3548597	85
3548627	83
3548657	83
3548687	83
3548717	83
3548747	83
3548777	83
3548807	84
3548837	83
3548867	84
3548897	83
3548927	83
3548957	84
3548988	84
3549017	82
3549047	83
3549077	83
3549107	83
3549137	83
3549167	84
3549197	84
3549227	82
3549257	84
3549287	83
3549317	83
3549347	83
3549377	83
3549407	84
3549437	84
3549467	83
3549497	83
3549527	83
3549557	84
3549587	83
3549617	83
3549647	83
3549677	84
3549707	83
3549737	84
3549767	84
3549797	84
3549827	83
3549857	82
3549887	83
3549917	84
3549947	83
3549977	83
3550007	83
3550037	84
3550067	84
3550097	82
3550127	82
3550157	84
3550187	83
3550217	83
3550247	83
3550277	83
3550307	83
3550337	82
3550367	83
3550397	84
3550427	83
3550457	84
3550487	83
3550517	83
3550547	83
3550577	82
3550607	82
3550637	83
3550667	83
3550697	81
3550727	83
3550757	83
3550787	83
3550817	83
3550847	83
3550877	83
3550907	83
3550937	84
3550967	83
3550997	83
3551027	83
3551057	83
3551087	83
3551117	83
3551147	82
3551177	84
3551207	82
3551237	83
3551267	83
3551297	83
3551327	83
3551357	83
3551387	83
3551417	84
3551447	83
3551477	84
3551507	84
3551537	84
3551567	82
3551597	83
3551627	83
3551657	82
3551687	83
3551717	83
3551747	83
3551777	83
3551807	83
3551837	84
3551867	84
3551897	84
3551927	83
3551957	83
3551987	84
3552017	83
3552047	83
3552077	83
3552107	83
3552137	83
3552167	83
3552197	84
3552227	83
3552257	83
3552287	83
3552347	83
3552377	82
3552407	83
3552437	83
3552467	83
3552497	84
3552527	83
3552557	83
3552587	83
3552617	83
3552647	83
3552677	83
3552707	84
3552737	83
3552767	83
3552827	83
3552857	83
3552887	83
3552917	83
3552947	83
3552977	83
3553007	83
3553037	83
3553067	83
3553097	83
3553127	83
3553157	83
3553187	83
3553217	83
3553247	83
3553277	83
3553307	84
3553337	84
3553367	83
3553397	83
3553427	83
3553457	83
3553487	84
3553517	83
3553547	83
3553577	83
3553607	84
3553637	83
3553667	82
3553697	83
3553727	84
3553757	84
3553787	83
3553817	84
3553847	83
3553877	84
3553907	83
3553937	83
3553967	83
3553997	82
3554027	83
3554057	83
3554087	84
3554117	82
3554147	83
3554179	83
3554207	83
3554237	83
3554267	84
3554297	83
3554327	83
3554357	84
3554387	83
3554417	83
3554447	84
3554477	84
3554507	83
3554537	83
3554567	83
3554597	83
3554627	83
3554657	83
3554687	82
3554717	83
3554747	83
3554777	82
3554807	84
3554837	82
3554867	83
3554897	84
3554927	84
3554957	83
3554987	83
3555017	84
3555047	83
3555078	84
3555107	84
3555137	84
3555167	83
3555197	83
3555227	83
3555257	81
3555287	83
3555317	84
3555347	83
3555377	83
3555407	82
3555437	84
3555467	83
3555497	83
3555527	84
3555557	83
3555587	84
3555617	84
3555647	83
3555677	84
3555707	84
3555737	83
3555767	83
3555797	83
3555827	84
3555857	83
3555887	84
3555917	83
3555947	83
3555977	83
3556007	83
3556037	83
3556068	83
3556097	83
3556127	83
3556157	83
3556187	83
3556217	83
3556247	82
3556277	82
3556307	84
3556337	83
3556367	83
3556397	83
3556427	83
3556457	83
3556487	83
3556517	83
3556547	82
3556577	84
3556607	84
3556637	84
3556668	83
3556697	83
3556727	84
3556757	83
3556787	83
3556817	82
3556847	83
3556877	83
3556907	83
3556937	83
3556967	83
3556998	83
3557027	84
3557057	82
3557087	84
3557117	83
3557147	83
3557177	84
3557207	84
3557237	83
3557267	83
3557297	83
3557327	83
3557357	83
3557387	83
3557417	84
3557447	83
3557477	82
3557507	83
3557537	82
3557568	83
3557597	83
3557627	83
3557657	83
3557687	83
3557717	83
3557747	83
3557777	82
3557807	83
3557837	83
3557867	82
3557897	83
3557928	83
3557958	84
3557988	83
3558017	84
3558047	84
3558077	82
3558110	83
3558137	82
3558168	83
3558197	84
3558228	84
3558257	83
3558287	83
3558318	83
3558347	83
3558378	83
3558407	83
3558438	83
3558468	84
3558498	83
3558528	82
3558557	83
3558588	84
3558618	84
3558647	83
3558677	83
3558708	84
3558737	84
3558768	83
3558797	83
3558828	83
3558858	83
3558887	83
3558917	83
3558948	82
3558978	83
3559007	83
3559038	83
3559068	82
3559097	84
3559127	83
3559158	83
3559188	83
3559218	83
3559248	82
3559277	83
3559308	83
3559338	84
3559368	83
3559397	84
3559427	83
3559457	83
3559487	84
3559518	83
3559547	84
3559577	84
3559607	83
3559638	82
3559668	84
3559698	83
3559728	83
3559758	84
3559787	83
3559818	83
3559847	83
3559877	83
3559908	83
3559937	84
3559968	83
3559998	83
3560028	83
3560058	83
3560088	84
3560118	83
3560148	83
3560178	84
3560208	83
3560238	83
3560267	84
3560298	84
3560328	83
3560358	83
3560388	83
3560418	83
3560448	82
3560478	84
3560508	83
3560538	82
3560568	83
3560598	82
3560628	83
3560658	82
3560688	84
3560718	83
3560748	83
3560778	84
3560808	82
3560838	83
3560868	83
3560898	83
3560928	83
3560958	83
3560988	83
3561018	83
3561048	83
3561078	85
3561108	83
3561138	83
3561169	84
3561198	83
3561228	83
3561258	84
3561288	83
3561318	85
3561348	83
3561378	83
3561408	83
3561438	84
3561468	83
3561498	83
3561528	83
3561558	83
3561588	83
3561618	83
3561648	82
3561678	83
3561708	83
3561738	83
3561768	83
3561798	83
3561828	83
3561888	83
3561918	83
3561948	83
3561978	83
3562008	84
3562038	83
3562068	82
3562098	84
3562128	83
3562158	83
3562188	82
3562218	83
3562248	83
3562278	83
3562308	83
3562338	83
3562368	82
3562398	83
3562428	83
3562458	83
3562488	83
3562518	83
3562548	83
3562578	83
3562608	83
3562638	84
3562668	83
3562698	83
3562728	82
3562758	82
3562788	82
3562818	83
3562848	84
3562878	82
3562908	82
3562938	83
3562968	83
3562998	83
3563028	84
3563058	83
3563088	82
3563118	83
3563148	82
3563178	84
3563208	82
3563238	83
3563268	82
3563298	84
3563328	83
3563358	82
3563388	83
3563418	83
3563448	83
3563478	83
3563508	82
3563538	83
3563568	83
3563598	84
3563628	83
3563658	84
3563688	82
3563718	83
3563748	83
3563778	84
3563808	83
3563838	84
3563868	83
3563898	84
3563928	83
3563958	83
3563988	83
3564018	83
3564048	84
3564078	83
3564108	84
3564138	83
3564168	81
3564198	83
3564228	84
3564258	83
3564288	83
3564318	82
3564348	83
3564378	83
3564408	83
3564438	83
3564468	83
3564498	82
3564528	84
3564558	82
3564588	84
3564618	83
3564648	84
3564678	84
3564708	83
3564738	82
3564768	84
3564798	82
3564828	83
3564858	82
3564888	83
3564918	83
3564948	83
3564978	83
3565008	83
3565038	83
3565068	83
3565098	84
3565128	83
3565158	83
3565188	84
3565218	83
3565248	83
3565278	83
3565308	84
3565338	84
3565368	84
3565398	83
3565428	84
3565458	83
3565488	83
3565518	84
3565548	83
3565578	83
3565608	83
3565638	83
3565668	84
3565698	84
3565728	84
3565758	83
3565788	84
3565818	82
3565848	83
3565878	83
3565908	83
3565938	83
3565968	83
3565998	82
3566028	83
3566058	83
3566088	83
3566118	83
3566148	83
3566178	83
3566208	82
3566238	83
3566270	83
3566298	83
3566328	83
3566358	83
3566388	83
3566418	83
3566448	83
3566478	83
3566508	83
3566538	83
3566568	83
3566598	83
3566628	84
3566658	83
3566688	85
3566718	82
3566748	83
3566778	84
3566808	84
3566838	83
3566868	84
3566898	82
3566928	84
3566958	84
3566988	83
3567018	83
3567048	83
3567078	83
3567108	84
3567138	83
3567168	83
3567198	83
3567228	83
3567258	83
3567288	83
3567318	84
3567348	84
3567378	83
3567408	84
3567438	83
3567468	84
3567498	82
3567528	83
3567558	84
3567588	84
3567618	83
3567648	83
3567678	85
3567708	83
3567738	83
3567768	83
3567798	84
3567828	83
3567858	83
3567888	82
3567918	83
3567948	84
3567978	82
3568008	83
3568038	83
3568068	83
3568098	82
3568128	82
3568158	83
3568188	82
3568218	83
3568248	84
3568278	83
3568308	82
3568338	83
3568368	83
3568398	83
3568428	82
3568458	83
3568488	83
3568518	83
3568548	83
3568578	83
3568608	84
3568638	83
3568668	83
3568698	83
3568728	83
3568758	83
3568788	84
3568818	83
3568848	83
3568878	83
3568908	82
3568938	82
3568968	83
3568998	83
3569028	83
3569058	83
3569088	83
3569118	83
3569148	82
3569178	82
3569208	83
3569238	84
3569268	83
3569298	84
3569328	84
3569358	84
3569388	84
3569418	84
3569448	83
3569478	84
3569508	84
3569538	83
3569568	83
3569598	83
3569628	83
3569658	83
3569688	83
3569718	83
3569748	83
3569778	84
3569808	82
3569839	83
3569868	83
3569898	84
3569928	83
3569958	84
3569988	83
3570018	83
3570048	83
3570078	83
3570108	83
3570138	84
3570168	83
3570198	83
3570228	84
3570258	83
3570288	84
3570318	84
3570349	83
3570378	82
3570408	84
3570438	82
3570468	84
3570498	84
3570528	84
3570558	83
3570588	84
3570618	84
3570648	84
3570678	83
3570708	84
3570738	84
3570768	84
3570798	84
3570828	82
3570858	83
3570888	83
3570918	83
3570948	83
3570978	83
3571008	84
3571038	83
3571068	83
3571098	83
3571128	82
3571158	84
3571188	82
3571218	83
3571248	83
3571278	82
3571308	83
3571338	83
3571368	82
3571398	83
3571428	83
3571458	83
3571488	83
3571518	84
3571548	83
3571578	82
3571608	83
3571638	83
3571668	83
3571698	84
3571728	83
3571758	83
3571788	83
3571818	82
3571848	82
3571878	83
3571908	82
3571938	82
3571968	83
3571998	84
3572028	83
3572058	83
3572088	83
3572118	84
3572148	84
3572178	84
3572208	84
3572238	84
3572268	83
3572298	82
3572328	81
3572358	84
3572388	83
3572418	83
3572448	83
3572478	84
3572508	84
3572538	83
3572568	83
3572598	83
3572628	83
3572658	84
3572688	83
3572718	82
3572748	83
3572778	84
3572808	83
3572838	84
3572868	84
3572898	83
3572928	82
3572958	82
3572988	83
3573018	84
3573048	84
3573078	82
3573108	84
3573138	83
3573168	84
3573198	83
3573228	84
3573258	83
3573288	83
3573318	83
3573348	83
3573378	82
3573408	84
3573438	83
3573468	84
3573498	83
3573528	83
3573558	84
3573588	83
3573618	84
3573648	83
3573678	82
3573708	83
3573738	84
3573768	82
3573798	83
3573828	82
3573858	83
3573888	82
3573918	83
3573948	84
3573978	83
3574008	83
3574038	82
3574068	83
3574098	82
3574128	83
3574158	83
3574188	82
3574218	82
3574248	82
3574278	82
3574308	83
3574338	83
3574368	84
3574398	83
3574428	83
3574458	83
3574488	84
3574518	83
3574548	84
3574578	83
3574608	83
3574638	84
3574668	83
3574698	84
3574728	82
3574758	83
3574788	83
3574818	83
3574848	83
3574878	83
3574908	82
3574938	83
3574968	84
3574998	83
3575028	83
3575058	84
3575088	83
3575118	83
3575148	83
3575178	83
3575208	83
3575238	84
3575268	83
3575298	82
3575328	83
3575358	84
3575388	83
3575418	82
3575448	83
3575478	84
3575508	83
3575538	83
3575568	83
3575598	83
3575628	83
3575658	83
3575718	83
3575748	83
3575778	83
3575808	83
3575838	83
3575868	83
3575898	83
3575928	83
3575958	83
3575988	83
3576018	83
3576048	84
3576078	83
3576108	84
3576138	84
3576168	83
3576198	83
3576228	84
3576258	84
3576288	83
3576318	82
3576348	84
3576378	84
3576408	83
3576438	84
3576468	83
3576498	83
3576528	83
3576558	84
3576588	84
3576618	84
3576648	83
3576679	83
3576708	83
3576738	83
3576768	83
3576798	83
3576828	83
3576858	82
3576888	84
3576918	82
3576948	83
3576978	83
3577008	83
3577038	83
3577068	83
3577098	84
3577128	82
3577158	83
3577188	84
3577218	83
3577248	83
3577278	83
3577308	83
3577338	84
3577368	84
3577398	83
3577428	84
3577458	82
3577488	83
3577518	83
3577548	83
3577578	83
3577608	84
3577638	83
3577668	83
3577698	84
3577728	83
3577758	84
3577788	84
3577818	83
3577848	83
3577878	83
3577908	84
3577938	83
3577968	82
3577998	82
3578028	84
3578058	82
3578088	83
3578118	83
3578148	84
3578178	83
3578208	84
3578238	83
3578268	83
3578298	82
3578328	83
3578358	84
3578388	83
3578418	83
3578448	83
3578478	83
3578508	82
3578538	83
3578568	83
3578598	82
3578628	83
3578658	83
3578688	83
3578718	83
3578748	82
3578778	84
3578808	84
3578838	83
3578868	83
3578898	83
3578928	83
3578958	83
3578988	84
3579018	84
3579048	83
3579078	83
3579108	83
3579138	84
3579168	84
3579198	83
3579228	82
3579258	83
3579288	83
3579318	83
3579348	84
3579378	84
3579408	83
3579438	84
3579468	83
3579498	83
3579528	84
3579558	83
3579588	84
3579618	83
3579648	84
3579678	84
3579708	83
3579738	83
3579768	84
3579798	82
3579828	82
3579858	84
3579888	84
3579918	83
3579948	84
3579978	83
3580008	83
3580038	83
3580068	83
3580098	82
3580128	83
3580158	84
3580188	83
3580218	84
3580248	84
3580278	83
3580308	83
3580338	83
3580368	84
3580398	84
3580428	84
3580458	83
3580488	83
3580518	83
3580548	83
3580578	83
3580608	83
3580638	83
3580668	84
3580698	84
3580728	83
3580758	83
3580788	83
3580818	83
3580848	83
3580878	83
3580908	83
3580938	83
3580998	83
3581028	83
3581058	83
3581088	83
3581118	83
3581148	83
3581178	84
3581208	84
3581238	82
3581268	83
3581298	82
3581328	82
3581358	82
3581388	82
3581418	82
3581448	83
3581478	83
3581508	84
3581538	83
3581568	84
3581598	83
3581628	83
3581658	83
3581691	83
3581718	83
3581748	82
3581778	84
3581808	83
3581838	84
3581868	82
3581898	83
3581928	84
3581958	84
3581988	83
3582018	83
3582048	83
3582078	83
3582108	84
3582138	83
3582168	83
3582198	83
3582228	84
3582258	83
3582288	83
3582318	83
3582348	84
3582378	83
3582408	84
3582438	83
3582468	84
3582498	83
3582528	84
3582558	84
3582588	82
3582618	84
3582648	83
3582678	84
3582708	84
3582738	84
3582768	83
3582798	83
3582828	84
3582858	83
3582888	83
3582918	82
3582948	83
3582978	82
3583008	83
3583038	83
3583068	83
3583098	83
3583128	83
3583158	83
3583188	83
3583218	83
3583248	83
3583278	83
3583308	82
3583338	83
3583368	82
3583398	83
3583428	82
3583458	83
3583488	83
3583518	84
3583548	83